cookie_id,score
ck_99a4e5ef02d89493,0.004196782
ck_54d463f7fd89ec3d,0.005949281
ck_0fbbc7a6af300368,0.0006258174
ck_8fd4937eadd64fb6,0.0003346558
ck_dbb4bd4eda97255d,0.00071569503
ck_6e67225ba59fa5ae,0.001229643
ck_94b59bbc824b307a,0.00019507931
ck_b87e88ee5512ea17,0.00031845068
ck_36789ca11459131e,0.035133135
ck_4364a83a11743888,0.0004283997
ck_cf59f4fc0ea690b2,0.0031221344
ck_bfdd232a7c5f2660,0.0013299361
ck_84092e23d5ef4d51,0.0046898397
ck_c2925c50ebacbdba,1.0734299e-05
ck_66c9a19963957531,0.0038400658
ck_d637a011332ba67a,0.0005691623
ck_1bd753a4681946c8,0.9303967
ck_c30c5844512e429f,0.012910425
ck_396cea6f95186ad2,0.003771418
ck_64a02b7b96149810,0.0001286716
ck_b1ed2278f5f14d82,0.0006180477
ck_b153386f1729de81,0.0018137436
ck_601edf9105b3c321,0.99772686
ck_d3a8333cb389f4c6,0.0017212736
ck_3c17841636f6f7dc,0.00027296905
ck_333544d173524f70,0.0032127392
ck_87c1d0a79e79c84b,0.0026521538
ck_585ababa02383b50,0.00026378175
ck_3e0149cdee4cb294,0.00909964
ck_b864f64101149c35,0.9160255
ck_5b2728f7cca414ae,0.00012913524
ck_cd7d24e3b095e96e,0.012156128
ck_f3dc0725621b3a35,0.000423432
ck_9eb08369e983abfa,0.00014400644
ck_7836bf6def26aa87,0.012683012
ck_fd4582e3853ef23f,0.0016848344
ck_2cdad03ed069438c,0.0126031
ck_614d936cef98db04,0.0011515169
ck_ecc18f40b33be769,0.0061215977
ck_a93560aa348d6225,0.042373247
ck_90f3655f0c8a0074,0.00013196381
ck_a045a19369016818,0.99927896
ck_69ab9d4784eb77bd,0.00022089238
ck_61129937ee466b49,0.0037096736
ck_74112e47b8629c2a,0.02867172
ck_d841eba8906e9a15,4.2110456e-05
ck_78aa4b731cbfe251,0.0009958958
ck_25394c1b83e0b803,0.0019143041
ck_16c501470d9bb006,0.001615669
ck_69ff1b0aa143a168,0.00012215735
ck_6d64190623dea714,0.00018283253
ck_5d7721930106dce8,0.0009306596
ck_466d4b5366c50b98,0.001000482
ck_641c8e7694b21f3b,0.006022426
ck_66779098e78c1760,0.00053142937
ck_ed8f1200fc049c40,0.87774193
ck_55f2ef0de3420e3e,0.002736031
ck_968a99e097ee78c9,0.0057480903
ck_a98848eec6c9581e,0.0010747177
ck_7eaad325abe3b50c,0.00024242114
ck_834ca727df855f07,0.020641169
ck_6b1ab0742ff04c3e,0.07670967
ck_fcc2059a8d5c41fa,0.010446757
ck_a96887f841e80fc1,0.0009121039
ck_718865237134ebe8,0.000580961
ck_5df85a8924e11f27,0.007246102
ck_958c0bd61820147f,0.03465003
ck_b4331140b2e0d4aa,0.0014058547
ck_8153cdadd300d234,0.00016164487
ck_d4c1da5a1427fd6a,0.009274929
ck_ac32c6e374782b27,0.021482075
ck_465cb8ce232c7670,0.0030756812
ck_022a8ae79eb28cf6,0.9947307
ck_7a7f3c4fe0c9d2ca,0.0004661895
ck_4802a0a7a1882c88,0.20999531
ck_8b5b5a6b5539e39b,0.9752778
ck_9693b1eb70880205,0.0025753803
ck_59a164c40c03a45f,0.0015644379
ck_154c8efb19dee665,0.0016827238
ck_149662b09d632e41,0.00086480763
ck_ddaf228487858bb8,0.007693106
ck_76c23726cd7ca947,0.000248303
ck_32eba3510c8eac5e,0.0014387175
ck_41dd44308e6a665a,0.0032462168
ck_efbdcd9c181e72ca,0.00037891613
ck_771247b5bc16c12a,0.00014512935
ck_692a9e8f504b9762,0.00011252558
ck_ceb017baa26e98c8,0.010852456
ck_908b663b2dda94ad,0.009759298
ck_29da59ea3bffb9d8,0.045326624
ck_2795921a055643f6,0.0008237369
ck_fec888a7108ca52d,0.9954516
ck_37dab6a0a536ed49,0.020793468
ck_2c1def5c91c52a5b,0.73962957
ck_0cb9f54928f4feee,0.00039332896
ck_677e1d0c14cbf569,0.0005280992
ck_192fdad892782daf,0.0049091196
ck_e5e2624b7fc89774,0.005203369
ck_5138f6c575dec64c,0.0038744374
ck_5f4a25ffd0b85a47,0.012192256
ck_aebb42afe430e2e9,0.00012761405
ck_44e9a18a8645c9d3,0.00023628648
ck_79ba8e85678d0224,0.0002315506
ck_ef1a1de20d2124cb,0.0059280335
ck_e7d903c50d353361,0.0018310333
ck_bcbd8588a13f5eef,9.6919466e-05
ck_80e3041811033443,0.010330414
ck_bdee1221b9addff8,0.0011624714
ck_dfc933493561d84f,0.0006062329
ck_e0f9506a6d5f4a1a,0.00062553893
ck_a911a066ff0f7b56,0.00061836
ck_5c45968a805132e0,0.0011497391
ck_152820d8817f478c,0.0005117379
ck_13f03ec785cbdae1,0.00015830362
ck_a662b4bf900781e4,0.00018899
ck_0c0dde42ab64ef87,0.0033898153
ck_cb3a40594da6a2ee,0.0036986556
ck_a69084a068bcc8aa,0.0018463527
ck_f3bce4eccfa6d6bb,0.00010753942
ck_794d8935a895e33f,0.0029272758
ck_5f217bfe28954e75,0.98714066
ck_9700a00ff9e66216,0.0020067636
ck_9a66cb13a9884cc2,0.0032776524
ck_522477be6376b450,0.0014365339
ck_4f6ed5ea5ab7c429,0.0011437088
ck_f5882e6f98b8b4cd,0.00035257134
ck_ec01ae5351500355,0.00045405704
ck_cc276f71ab6c08fd,0.0019927411
ck_b06ce826e593b210,0.023779446
ck_1833c81d693c1e07,0.9584193
ck_b4ad165ace910222,0.0010549427
ck_7ce44f4e06d58111,0.031743515
ck_804c5a1fa5753617,0.0036905257
ck_db2c0908150cb2cc,0.0020255714
ck_8530158e3d7f59e7,3.926249e-05
ck_efbc79246e32c66a,0.005325578
ck_dfaafdaefa5716b6,0.00394077
ck_75f968be67f46d24,0.0016219197
ck_3715bfa7fed2c675,0.0016541256
ck_b5935e9722a39819,0.0061322334
ck_e83409471d2b0b44,0.0019428763
ck_c729d19053387be9,0.0022400047
ck_38d4ed52cbe6d123,0.0033715197
ck_ea835557d7043667,0.00048455986
ck_95b48972061abe82,0.0001559193
ck_2981d16f8a51a8ed,0.0004815081
ck_30bf5b0056eea9e9,0.8339423
ck_a1c7adfe26e09a8c,0.0050791283
ck_1eeacc26f02fbba4,0.0015062598
ck_044fa3b3a003f0b5,0.0027738921
ck_6cabb1a133f0b151,0.0008555223
ck_b71279e807d0b3a7,0.0014472895
ck_ba68841ca2ba073d,0.0014755826
ck_e1790b3aa2241b10,0.9493154
ck_0bf48607a874b4d1,0.0005229511
ck_fa8a4a9e77799fcc,0.00037593194
ck_52c311f29ca3aca9,0.00012852544
ck_42c6973d3a6fe983,0.00027497587
ck_b524f7a2e752b9d0,0.00064348074
ck_14e58c3fb26a2b4d,0.0050980984
ck_ec9976cabc63ff92,0.0010103412
ck_9f50920c894f64e1,0.00038320792
ck_0259da8f109017e9,0.00062432355
ck_9d8e9ef37797d3af,0.3290185
ck_2d28f14d3973d8fb,0.00016102
ck_f5b1200dc6f95760,0.0031145953
ck_20d7571ba830009d,0.0032668547
ck_54978a073e7a0b1a,0.00041938416
ck_6236a461dc0d11a3,0.0010344313
ck_7d3a88d1aa649708,0.94945645
ck_742f7c28ddd019e8,0.0020963566
ck_d979ef95ee44023d,0.0046028034
ck_c01c85bd631d4054,0.0004894002
ck_1e832a5b2342554f,0.0032298092
ck_9bf95f8c47e7c7b4,0.00022310409
ck_6b38763bf5ddbcef,0.0016083998
ck_bda4041a3e90d860,0.0005350714
ck_703499f5410280f7,0.0001118257
ck_1eabc15a94bd9009,0.0018717598
ck_d5bd8f68da073cd8,0.0015354962
ck_6e6258227fc8db7f,0.00014630945
ck_be9c46acd216b45d,0.0008394875
ck_e2f88e202b6f700a,0.007390687
ck_353a272478f7e903,0.0013639338
ck_a2c9796ea229a4e2,0.0003046043
ck_acee218cbe61df69,0.0076766843
ck_9704c5cf8659cedc,0.0038495793
ck_4b0947bf94e9d847,0.015414981
ck_bb113e3e6716ed65,0.0016641191
ck_60b4d59953505682,0.51352787
ck_7dca4d7ee10b4eeb,0.00022277035
ck_4863077723cd6ce1,0.00013116944
ck_469a0578d05990c2,4.586146e-05
ck_5db1cb368bc41ac3,0.0030621996
ck_b72c7ac4208052ab,0.0014776672
ck_abac514d8167ea58,0.0016707607
ck_6de2aa2bb60978d3,0.029033735
ck_186dbff4b24a3bbf,0.20149687
ck_7f15503048915d6f,6.8350935e-05
ck_c35e03b0dd0c3454,0.00046460237
ck_2cf8a44e041217de,0.002025851
ck_91955aab3424ad16,0.0010632119
ck_a032e8ac1507c6df,0.92627525
ck_342a79f91de5d1fa,0.0019511675
ck_3ecd8a5ce65e21ca,0.0015731999
ck_45424ea6f0bc4650,0.0902881
ck_41346ccd9242cc8f,0.00020165012
ck_35d6c510ad29362e,0.9091185
ck_9de191bf79afd676,0.00014449074
ck_6de6b1663f9457f4,0.00034139658
ck_61814ae9b6d8eab1,0.008428546
ck_60187ac2c473a662,0.98622894
ck_c0b50c11e4f5adf7,0.0011871601
ck_062754f8b79b86e5,0.00026801685
ck_0027b5d4107d65d8,0.039887395
ck_d61c837b0106085a,0.0073398342
ck_a99e0c258ad7576b,0.00017642656
ck_e76257caa98dc25d,0.9895698
ck_9a65fcfc7916f93f,0.0002978622
ck_c972b0e781efed3b,0.00035568757
ck_3a632cdf2c19051b,0.0057591107
ck_9724718fe64c6557,0.9891755
ck_d44dc3839a195c8a,0.009376991
ck_2fc70b6baf6a0e26,0.0015267056
ck_b4911c42f3bff740,0.000115104354
ck_53428573abcd606f,0.015224109
ck_c8198cb4c461304f,0.007567129
ck_852c50bbba1ead13,0.0240281
ck_d5ef6dc116dee408,0.00057767093
ck_3ac528caac74f563,0.0016676848
ck_1b0b7c3d35ab1259,0.011594509
ck_f1a9d832b700bda1,0.96686035
ck_343e6ed2b9d35c01,0.00027433797
ck_803c0b4cf9d4bc1d,0.001800674
ck_c457e9c9224b773d,0.0064453357
ck_d305b4d82f63f647,0.0002543906
ck_22bd0fc71f95e048,0.0057159634
ck_aab23b5470469649,0.00037210164
ck_fe0a9372c9372de9,0.0012924985
ck_f6c909c205767956,0.0056405817
ck_295bca29c34cfe2e,0.028802307
ck_74e60495f8861156,0.002777391
ck_bd20be9a3392d79b,0.000837805
ck_952da7ca9f33decb,0.010128078
ck_900d62b3184378c7,0.00052999146
ck_eafe9b89857149b5,0.00052135595
ck_509cece86a558de4,0.0021549629
ck_c423aa6de3ed1e01,0.00029203834
ck_b5a84c5547378c10,0.00029763623
ck_9528e1d6b1707870,0.0050541684
ck_668c7fc7d7e47c0e,0.0015313976
ck_5d72ff6cc2963d1a,0.00016619037
ck_6c084bfcb38e96c3,0.0029777691
ck_66439e697695224c,0.0008611254
ck_e975002c979e12c7,0.0046753343
ck_8e039b23acaaac00,0.006930796
ck_9ccb17c35e636c5e,0.005658003
ck_abd3aa292f8edb4d,0.004223865
ck_3ec9b9d8dd7be11c,0.030516457
ck_d6f5c8741697abb3,0.0008545072
ck_5d75ea4f5c9080bc,0.9094166
ck_a4db6e94a8f77f9d,0.02055542
ck_01c1f06692566ca1,0.00081182184
ck_dac7c50bd6d0148f,0.0026232942
ck_857a1f5547b9ad68,0.0026200984
ck_aefd1ce3ce093cbd,0.0011766814
ck_7b59d22cadef3b05,0.5022215
ck_6bc0e5b8c0b7d2bd,0.0023523106
ck_2c44ca550e5cfa82,0.0047126403
ck_e4ac22046699b99f,0.00056942354
ck_ee7a515e87d17d4e,0.0020694486
ck_5e512ef5362a3dd6,0.00074137375
ck_df1f2dba802296be,0.9941486
ck_49bdba9ee1899dfe,0.0016922494
ck_52730906e5b461eb,0.9958515
ck_dab34cf6f0626c9b,0.008768364
ck_f9d8b4813a88c1e6,0.00036561998
ck_c0c4be3f44311b04,0.00024322243
ck_ae3b47d6e1063704,0.00080960395
ck_533672fb40531607,0.026085973
ck_2a244f1ae08ef83c,0.0010795821
ck_fe429ba3e1aa0e4f,0.00033679913
ck_18444be153bac1ca,0.8162632
ck_2ef76f1f36e8b869,0.025879739
ck_99ee90946395d74d,0.9828864
ck_bf2228a052815840,0.0003268546
ck_1bb212d1288b9689,0.0045311665
ck_9949f53c155b8dde,0.0011648468
ck_04a1a46f07885296,0.0010401892
ck_70c7679199776a90,0.00080035126
ck_231e6dd1fe708000,0.0021018933
ck_e013d88ea7939616,0.001210423
ck_d229cf7f5a3f38ca,0.0019057747
ck_0ad6fa0e23c3bd0a,0.013989064
ck_3a3daa8b376f2a18,0.00042203366
ck_f0d6633d0834fff5,0.017352078
ck_5472214011fbc2a7,0.00021965639
ck_e0239e6ae30795a7,0.0013322034
ck_646bb3c7be5f0817,0.002281865
ck_a9e7f3b2d5dfd97b,0.0018344127
ck_d5ef1f6e34bb35b8,0.006624317
ck_615277c8a4e2b18b,0.0015809181
ck_11318f7c041a5ba9,0.00045143088
ck_6d69e092f9b0848b,0.00088728656
ck_fbdac0221bc03f66,0.009365194
ck_3854c08d17704347,0.06583942
ck_a9989a3a94c26634,0.0048981654
ck_d3cfb3603f2c6ca3,0.0056311833
ck_ba54e0a1c328119b,0.9707394
ck_ecfb771ed2352085,0.00094357337
ck_2401e8ff89e574fd,0.87347215
ck_54e2eb018d947790,0.0025063085
ck_ad7269eaa65c67f9,0.0022940452
ck_cf2ca4f286e289ba,0.005102475
ck_ccfc9ab888ba933d,0.0007786831
ck_c881f26c9bf9ae42,0.24550617
ck_a7afdac4ecbf2de4,0.0964487
ck_57d0a7eb7eae2eaf,0.0046126777
ck_3fb95862b70f505c,0.008449166
ck_5478eb69ef912785,0.2483139
ck_bf4e7d48770a4a8b,0.006475339
ck_5875828b11406398,0.0018427514
ck_3019afee83342701,0.0025335527
ck_dfa0ac11fcb1dabd,0.00070690695
ck_2d695f8358383092,0.0015966638
ck_7717fcb100dc4b5f,0.0013609442
ck_682262b455a9edd4,0.00031689974
ck_18270fee7c8fcee8,1.929881e-05
ck_e6d3ce445b86003f,0.0003589694
ck_61d7b0568ec5d6cf,0.0022456516
ck_bd1bf9e3e29de281,0.018763248
ck_7ea0bf310fc20c7b,0.8159371
ck_328696b8f5e54ec6,0.14397252
ck_1507f5aa50cdf3a0,0.0011610741
ck_ca10102961f99eb4,0.00051456457
ck_61b79dec96d15713,0.00035080346
ck_ca7b993e8286af7f,0.0002022779
ck_c9dcd92b2f836b61,0.010147749
ck_fe2fc7d6e5d83f09,0.004055095
ck_b6e3af0a5119d9a0,0.0014567461
ck_e535fb0f0c00418d,0.03210907
ck_31109c899336348d,0.327877
ck_d4e024fcda401a31,0.00036053368
ck_9cbef9bc95449dca,0.0019753387
ck_a397cd64ec5d644b,0.0006937595
ck_b0f191e44f9b6f35,0.0024585393
ck_3049d744b527f4d0,0.0004754619
ck_6f661b428d6fb8e4,0.017898617
ck_da59ab47cb6284ad,8.094687e-05
ck_5576ffc6aaf6f22c,4.7212307e-05
ck_8955d7b9030d5eb5,0.00097102363
ck_78a61215675b38f0,0.00019282209
ck_001e42551cd06e40,0.000363509
ck_3b6057d51fd4c7d6,0.003391185
ck_87110d84872c0fed,0.0024344642
ck_f034adb57391f3d7,0.00544073
ck_d84b5403da4cea7b,0.0034794887
ck_f04062216f95fa00,0.00060441525
ck_d9573100bbff4014,0.04448045
ck_b5d0d223ef56473f,0.0009623432
ck_3aabf5e0f4defb41,0.0049425634
ck_ac449ee0c315edde,0.00041739494
ck_085d8c42739e2b10,0.9983164
ck_937402a60df0821c,0.0003184762
ck_cd1dc68e441222b1,0.9846764
ck_714c5d7cb17bc9f2,3.8927436e-05
ck_1d01b4a609918c4e,0.9738134
ck_cc1c0b93d05b7d20,0.002256479
ck_46f4e1f5026f4d1b,4.175679e-05
ck_779491819995625d,0.0043227156
ck_46bec0bff167ed3f,0.0101014385
ck_92d679d6ac7dcdcb,0.012985137
ck_22a7cf3b99c5e5fd,0.0027095142
ck_09faa4e771cf876b,0.002572387
ck_0b2eeb4e00ff7955,0.00064214057
ck_9843d0e61c37ebe8,0.99927884
ck_e2f792fae128b18e,0.008081638
ck_00aa5fc3b3bc66aa,0.029138539
ck_3dc378f37d0b74b8,0.001390695
ck_5e98ed6391d9f429,0.016784828
ck_9036b2e5e9298a34,0.0004536084
ck_a1cdebfc42a52448,0.00022825452
ck_5f48762a14a0326f,0.00018387256
ck_8adb40b168b59d7c,0.0029461207
ck_c08e64d424e56c05,0.004788968
ck_68914e67343a7d32,0.00057403336
ck_09e9c51eb538b255,0.0033197177
ck_f9a68da9e0f0bc85,0.0015716772
ck_498a0acd450944d8,0.00012130708
ck_67ab6f9e05c85085,0.0009062764
ck_aac70764dde15168,0.004590936
ck_e5ece47d0dd10526,0.0012495243
ck_aa8b9b36a099e4c8,0.075116634
ck_8d2f62930777416b,0.003544529
ck_8312c49b1431a406,0.00012834345
ck_6438ae81d43cb196,0.001658257
ck_949f08f8e80e93ea,0.00056450575
ck_f9b439c9161c3e52,0.0004177082
ck_4dd4ed23e0b927b7,0.11068127
ck_18b36d342b530af4,0.0005640755
ck_8c8c98cc694ac900,0.00080982415
ck_74b502b20690ccfe,0.00050174235
ck_7f0c4f609673ef62,0.00069199374
ck_02241f3dc301bebf,0.0019256043
ck_6e5752b87324b58c,0.00059774827
ck_b4068439c413b150,0.0018557063
ck_bc82fb1895fddde5,0.0011071949
ck_0a45d033d4e280ea,0.005104047
ck_39a3f1da060e88bf,0.002153582
ck_8f1cbc432e2774f8,0.0074579213
ck_8ef97b55a5fd6ec9,0.0009025782
ck_aded05ada490da20,0.0004113933
ck_335e63101b1e6c4c,0.0051651625
ck_e5c30947b732f661,0.07345301
ck_f824b326d5089885,0.03405584
ck_a4d7f6a5869d440a,0.9883597
ck_58e20f5a3e7f11b8,0.18440989
ck_a04403073c90ce38,0.0002834685
ck_9eea37d2de633b27,0.0009500952
ck_fecb39c82c43e76d,0.0014742265
ck_f5adad75e1c06731,0.00747407
ck_43dc13b6b6d31297,0.009585738
ck_3acdb083e0d8ad61,0.0002531443
ck_54bfd70022c66983,0.0012024645
ck_c422ba389ff00781,0.00011312635
ck_b26cdb2b7b165d2e,0.0024151213
ck_4563227b2038ae07,0.01168848
ck_355c4f29089731e8,0.8826616
ck_fa4211c4d826d830,7.9833175e-05
ck_e886ba71d4a6fd73,0.0022579923
ck_f76d929541ed41dd,0.006353135
ck_0f37c554a5057801,0.9181142
ck_0a7ba51d626e932a,0.004857376
ck_55efc92394fee232,0.0021317392
ck_1df4b46c0a4c317d,0.0014863309
ck_ee52c7bf88f952ab,0.0005954474
ck_bc273f3ce79f7e1a,0.0008117762
ck_9371c700d9830326,0.002418307
ck_65acc43a6dc3e65d,0.000564218
ck_b0ee3a98175b462d,0.0004374958
ck_dfbb2056f1ef7d3b,0.004611419
ck_5043e474f848346d,0.0040856204
ck_6be8ae9d78148882,0.00057511445
ck_fd4cf578e87703ff,0.0010968492
ck_8b24eadf6c72b30c,0.6597187
ck_38c1c75cf055031b,0.0051486427
ck_c8001bdb9aafc8a6,0.00022182378
ck_d598fe8d2c779ab9,0.00045435946
ck_af25c72d16299258,2.3007276e-05
ck_0c1f088e17e46daf,0.004100669
ck_6c7b41374f9b2e55,0.002766851
ck_e4fd8cbd842b6993,0.0007788074
ck_220fda3c11c59b6c,0.03744135
ck_e3e95546a84d0ed8,0.00066390866
ck_53c8315b5c30acb4,0.0002720249
ck_fdcb1d9265d8fec1,0.0029056931
ck_94f4266ee7871345,0.0011233831
ck_7a7e40ee3f97c035,0.007148144
ck_6a519bdac0d94527,0.00018238416
ck_ff30dda2c881a4bd,0.6749661
ck_e7b4016909405981,0.00013626365
ck_1abb93f6924645e1,0.0010631715
ck_5e74fdadb93ff293,0.004261457
ck_fc2a6e27b10b10e9,8.7747496e-05
ck_47ab8e51e5b3a2d8,0.00051607646
ck_246989b0c288664f,0.0054291314
ck_ddc7c1f3d45fe6e6,0.0020058765
ck_0acc3d8c67218b9d,0.0012976007
ck_4c840e5585a7b167,0.015573782
ck_1d30eef7110809e5,0.023867587
ck_ebbc9418cd41f692,0.00013015054
ck_93cc12703b500613,0.0025824993
ck_5060aefcc8b6f958,0.0017256719
ck_0595c2a0c7881e05,0.00048169217
ck_d9735647a6b0b0a7,0.5145127
ck_f89719a854fe11d7,0.001106438
ck_d813e15ac91f487c,0.0058339867
ck_cb8551453a7bb929,0.0014471544
ck_8642e3b6d84f49d3,0.0029908803
ck_9ec7f334604a228f,0.0006638935
ck_e0b7e2c0bbe228d9,0.0011520486
ck_e7b40b60786c1530,0.00015134281
ck_edf229c17d25dac1,0.042548157
ck_4424a5223ba2fe00,0.007564523
ck_c96ae2c28086a059,0.00184148
ck_ee40498cd97183d3,2.7589891e-05
ck_13d1b192bbff8f32,0.005930083
ck_079bd18dacb704a8,0.005114309
ck_884168153c9c0c81,0.01399257
ck_dbe58392635133ca,0.015483601
ck_9440335375701f44,0.0013768597
ck_9083ca9fec2a7f4c,0.00019535667
ck_2f9fd36a4a40a6a8,9.234044e-05
ck_8bf46e472f3e20de,0.035796482
ck_a76ee3b3e3e522fd,0.007963626
ck_9dd7daacb7833233,0.0006937654
ck_8eaf9509ad9462a0,7.741384e-05
ck_c5517923458106ae,0.00071746577
ck_74a4244eb1f162e4,0.0002493017
ck_fe1b1adae3be70a6,0.8946984
ck_571133b2aa8ead51,0.0023220654
ck_2b87683c90acb852,0.0070179235
ck_3f730318a9792292,0.0021358228
ck_70804f60d9704128,0.044644512
ck_7356f47dbbbe7904,0.001981336
ck_e7651fb87bb24132,0.0005257459
ck_4a59f4e10bf45d7f,0.0002849072
ck_98e337806104dd88,0.00097412965
ck_c39a9e75760e3201,0.0011745857
ck_39d5f6c17c745ab1,0.00041245646
ck_ccbdfe744acff8bb,0.006184945
ck_d6ba7ffd2ae08863,0.0014261615
ck_0eeb3d9b3e697edb,0.00080966216
ck_2a65f1cc23f1180e,0.00019880309
ck_c91b7fccf6aeb4a5,0.0040293518
ck_e55b7fa67db1ec27,0.00010037402
ck_214af0806470ef48,0.0013244811
ck_7fbb709a0fe95759,0.00026876738
ck_4a9a791a1d409a3d,0.0035932579
ck_99e52c3c2530b69e,0.9959735
ck_eb3fb1106f2f1b21,0.020166857
ck_08b77ad5f8f73007,0.0005207488
ck_934fb5064b6eefe2,0.0005620056
ck_6a92cf5f4cf5de38,0.00080322055
ck_9ea5872f14cce338,0.0023954704
ck_6ff6883633b8c7ba,0.0007313399
ck_f19030e6e85a6776,0.024904713
ck_cdabe60ab59f9d5a,0.0036627182
ck_75fb7e56432ee4b2,3.162704e-05
ck_bb84b2b30293f566,0.55284333
ck_b898d912d1181ef9,0.007296724
ck_348a525791ae6475,0.007529076
ck_18ddf7e836256e3b,0.0016060446
ck_5b73d7c5255e58a3,0.021797484
ck_48d4d63beb26b623,0.0004404383
ck_020eb0e454524ecd,2.0935526e-05
ck_961ddb8ff55d868e,0.00016555392
ck_109fc467ec0a4af5,0.018710243
ck_a872df31b28a5f7f,0.013820311
ck_f0093064aa28f4d0,0.00059532735
ck_2b699066665abe8a,0.017209366
ck_a17128972d3e507d,0.0018950603
ck_8f35d229b62c8f23,0.0023080045
ck_ef8a6af43fedd464,0.00056892337
ck_1e6628879e9d653c,0.00030704352
ck_0aa9db36eb16422a,0.00023649565
ck_b53e88c0e927d896,0.0005356889
ck_a9cd84a6dddfe584,0.006492464
ck_b498fa91a0776ff6,0.27268425
ck_69eda24e931fb36a,0.00010675941
ck_1f0bafec397da8e4,0.0017502375
ck_523dce06515b072d,0.00044589097
ck_404e2217fd87fdd2,0.00017390276
ck_6b954c75aad8c012,0.0038146118
ck_614f777c2eb5d537,7.473497e-05
ck_7f8f864fcc90ca82,0.0046578636
ck_58afa1550b3b5294,0.00057370134
ck_ca149244b54ef3ad,7.649717e-06
ck_1573878386886290,8.947484e-05
ck_7ecdee2d7127be8b,0.0022406026
ck_b667952253503174,0.0016359603
ck_c8307fecafa90140,0.0036361767
ck_99a92d710a29c1d0,0.009073403
ck_bb6cf7e7b707731d,0.9585276
ck_fe3c1d0ac090d960,0.0035225495
ck_fc60f42c68c7024f,0.006582459
ck_f71a4094e889c3af,0.0019670732
ck_22311b037456a76e,0.00012517735
ck_fb90408f4892a21f,0.0019743352
ck_5866b413549765bf,0.0013150965
ck_2ac36e1dff211d38,0.00034239003
ck_ba8affe4b9505a95,0.71451265
ck_1b2d9cae92a1aab1,0.005949653
ck_58f4c3ac61fda129,0.009423889
ck_a378c58294001a36,0.90828913
ck_afc484d1b6907983,3.2040392e-05
ck_030cf09525dba4ba,6.958014e-05
ck_babb95a76c69509d,0.0023529553
ck_5662492a54e6688b,0.0060960334
ck_db4083a0d043def8,0.076740324
ck_c0032232c2868328,0.0022510695
ck_cc91bd7152d3e9ba,0.0024557821
ck_c484c5bda389bf20,0.000109258246
ck_a7ea00a1760ad561,0.99669856
ck_cc90e219f1ebf390,0.00039978663
ck_ddd65711b5651f89,8.995445e-05
ck_f589f1e29301b5fd,0.0014594592
ck_8c6f059c95872126,0.00010746418
ck_87f82b2b5fee757a,0.0016629645
ck_3abfc010091d679d,0.00075316546
ck_b8465b1a5666155b,0.0060618296
ck_f0bc3bdee6bfbb94,0.0008475989
ck_767e0be086b5f601,0.004238503
ck_96810ad39d4cb7b0,0.00021181363
ck_9741a82faf5c7889,0.014528252
ck_97ffae702f7c3d08,0.00043479312
ck_963762210edc5694,0.0017044313
ck_5ff6108056a3fef5,0.00046424335
ck_3168f4f2778d64e1,0.00052382983
ck_59d086fab5998646,0.0032719919
ck_43292f70a03ddf2b,0.0042161965
ck_0b259620eac51618,9.470172e-05
ck_678e74532ac19700,0.00039279764
ck_52e1418cf1aa9871,0.0026103747
ck_4f875342394c110f,0.006425548
ck_4f639f4ee6ce8d9e,0.0077912263
ck_36224a2d394ebfe4,0.023622505
ck_fc4bfd6e739bddea,0.0003092566
ck_88ec57a11b11f702,0.965982
ck_896096cb167254ef,0.009110989
ck_c920901b9a4ba993,0.9668392
ck_2ff1860da2004c84,0.000118681884
ck_631ea1ae91ab333e,0.0016844847
ck_0b9fcff9667ec05a,0.00015563486
ck_d3eab7a06eb48348,0.0058319154
ck_4dec3df58077a257,0.33420473
ck_73d3689728270a2b,0.0002474378
ck_961e7dbc217cfbbc,0.00016589573
ck_dd97429277a2fa00,0.016351398
ck_5c37f7563fa7591d,0.0012414497
ck_f2ecab85d4693b4e,0.0005061967
ck_a0e3a2facd508e49,0.008299448
ck_02e5f9cbbbf2f078,0.013482823
ck_d064428b7e7dc409,0.0030696297
ck_4f463ef25325ddfa,0.15627292
ck_a6fe344bbf67f14b,0.00021725071
ck_e03b7d0fa0b28f4b,0.00055551564
ck_2f6b33bf46976229,0.008386716
ck_9c60ae6958d68dbd,0.10272583
ck_d730ff21bfd7769d,0.0016098683
ck_7048bedd554c703b,0.0001561462
ck_9e0383e1fb6e214d,0.23349983
ck_733aff0f56f5b3c9,0.003672134
ck_11af112667c98394,0.00027360948
ck_004efa95555437e9,0.00012045135
ck_7de6997178207800,0.0015985015
ck_68dd79a51eabf5e6,0.018788578
ck_0567302c57a2417e,0.012701577
ck_59de511b20c842ba,0.00945163
ck_f1ef5cf7f10b16c8,0.0014596935
ck_6a475fe324d7d790,0.0018591009
ck_31199510b40602a1,0.00015806245
ck_2a6d43b9f883b78e,0.44428754
ck_788e78065526ee19,0.00089292263
ck_fdf89dc69f700f84,0.069069274
ck_02a8582c2603e675,0.0014191524
ck_9c9e8a38bd5a6c88,0.0011735936
ck_1c2dcae19539e148,0.002784012
ck_c7a9c7b2eef46a99,0.0064914767
ck_d9f8efa6a7800f76,0.0029644915
ck_03c4fa4f3ed3512e,0.00027864584
ck_c80a94d4660041fe,0.015594293
ck_4819327a78615485,0.00046439603
ck_ab3de3d3e41c2082,0.0008256413
ck_e86ad2fe815b6ed9,0.0018034446
ck_c51131e53baa59c7,0.0005212004
ck_e963d8525018d072,0.0022853198
ck_a4a01fd45936b078,0.0094472915
ck_66aeb00e44486cda,0.87295437
ck_838c52cc1d315ec3,0.02220568
ck_d20d4ba60eec9945,0.0016461696
ck_1f1273a67cbad5e5,0.6729422
ck_44e57a0bad5a0745,0.0010969882
ck_9df7e153868bca13,0.0027012315
ck_50d7c4dab837bf66,0.00045797683
ck_9cde4036d0914427,0.0029740864
ck_d557b9feb241b3ec,0.00047856383
ck_ba4a6b9aa63964ef,0.0016357586
ck_5ccc0c94e5e1f849,0.00077141484
ck_3cfeade2cf270fee,0.0027953587
ck_faeb0da678bb86c0,0.0016684771
ck_0f35e930d0614613,0.99961394
ck_0e962eacf98a813e,0.00021778433
ck_c8b2e2cb349dd0ff,0.0019215443
ck_45f57fb8194cefc8,0.001126089
ck_cf6aa24b92c4d33c,0.7405303
ck_f3bc10e3decefce4,0.0027244373
ck_c2466fc40fc9d5ed,0.98370254
ck_5ef50fb07b6737d5,0.0041305283
ck_8d0cd981ed3a183a,0.020308308
ck_aeed557007d52e9c,0.0003226859
ck_dcef7887a4f1e435,0.004539225
ck_6d6ac1f5dd882aa5,0.00034927772
ck_9e3fbd04e3532f32,0.01424705
ck_b8e5244e650aa81b,0.0007923983
ck_975c2aa3d4a8c51a,0.0009907533
ck_4f75144c6f3b13ad,0.00445229
ck_0e7899a57cd617d6,0.000110527566
ck_df8ad2deb0a4ffed,0.0016103995
ck_cf7a022178165e56,0.00050836895
ck_5bc07deb82edbad7,0.00042354426
ck_f2aa1b677619ab19,0.00029544684
ck_cb42e3be6fe87f60,0.0016920769
ck_4dfa1c1e9b69fcc8,0.00048949936
ck_23756522b58df5d8,0.00025461553
ck_c76f1bf40f3b787b,0.00036174763
ck_dc569c1167ccec0d,0.98222464
ck_1ce20e4223a936b1,0.0022693833
ck_6b97d1ab90f6bdeb,0.0031334087
ck_1e97899875bb427b,0.0020510706
ck_4b00e75c2d2d0522,0.00018594631
ck_e80883208e8d0453,0.00023548155
ck_636111f7f030496c,0.00028114088
ck_a2d0417791d4132d,0.00042820312
ck_7a7bb9be5a7e48ad,0.0033256174
ck_5d2b9e6e087b8dfc,0.9981232
ck_6957905a65c47879,0.0032267037
ck_a33d2325f86ab12d,0.00047934157
ck_4df036e2aa7e1056,0.006296597
ck_05ab5b03d0bf9ce4,0.029458305
ck_bc04f51c23290bcc,0.002224518
ck_2ce8931af02a2ce3,0.0014267252
ck_dfba788f35d4c372,0.0015882296
ck_90eeca1cda79fd41,0.00040238147
ck_f96db2a1f3448d1f,0.00073522906
ck_af5842fa7202ff25,0.0016795573
ck_ea62ebfc1f04b49a,0.0009302199
ck_75bb521de55644c7,0.0035811446
ck_81a960fddf79ecf1,0.9608515
ck_8da980cb2e1e2bfb,0.009781206
ck_fa321945ebedb916,0.012066711
ck_00dafc060c8de32a,0.00037613895
ck_f81a97d350397306,0.039011773
ck_255d87b7fb40caa5,0.0018287061
ck_d5eb179dc45394c6,0.0024154119
ck_628f449e248c19b7,0.063304
ck_d9506476ad3f9e08,0.0008805844
ck_e3f1d85fa5d49396,0.0016978314
ck_6f3a28eecd2c4031,0.0006072179
ck_46d8c029d46867b2,0.0004145334
ck_daf7aea023b7a8f6,0.0034931158
ck_aa37993f1c17cd1e,0.0038827574
ck_9c3aa9f23d01fa1c,0.0010542972
ck_9658a6ef471053f0,0.0013934472
ck_260cfe9141d249f1,0.031191755
ck_8f6ce158c2902877,4.788556e-05
ck_430a3d03be588201,0.0063965013
ck_b5f9dd00914b4db4,0.0028133567
ck_1c6820fc38135ad9,0.0025015885
ck_1f22f04dfc08cf27,0.000146583
ck_aa0a3179f1111674,0.00014883126
ck_9d4b5e6b43bad4d8,0.0015245983
ck_e3b3c5a80a567418,0.000135376
ck_937f0da2306b2eb9,0.0021091257
ck_cce8b6657a538fe0,0.003288358
ck_9e665618a4860306,0.00042204114
ck_8cd274cc85aa35d1,0.0025735167
ck_b7da6640fa2f49cf,0.97042835
ck_f568772b6cb3febe,0.0034522058
ck_e95c8cc1864bd584,0.00015206115
ck_66600620149c8799,0.00025754806
ck_81307759252571be,3.9093804e-05
ck_378a9df82b1e0bee,0.080082126
ck_9ede89e8a43c3f53,0.014583243
ck_2ae6949246ea2648,0.0008161103
ck_2c27b77c59d8f23b,0.0389414
ck_94940d783e7988e6,0.0052882647
ck_2db10f987d137582,0.011352563
ck_dac3852758f4ea89,8.665023e-05
ck_b5a3e20fd210017d,0.0007791522
ck_3f7c870510083a51,0.0042440933
ck_96a89e720176b389,0.037603475
ck_1aa87cb62acc0ac6,0.002368978
ck_78cc5ec4940fec3b,0.0058218995
ck_31742076e9a998f8,0.0004696088
ck_3f9e6d356d3dd3cf,9.212654e-05
ck_ab1b9d019921bca7,0.0047415844
ck_c8791f7ebd4d93c7,0.013273962
ck_47a6005fabc33551,0.0003865125
ck_5a540b75c866166a,0.00079005904
ck_059e4fac6b7f704e,0.00061477686
ck_6c72a36b05fa0f4c,0.0036009504
ck_966a167758fddfd4,0.002025583
ck_9ce743dd3e92549c,0.0023238633
ck_08a6d4903a7fbaca,0.0012363814
ck_8e5999c436cf037e,0.00027665176
ck_acc764b49ef02826,0.013120945
ck_7cc2e091806cfa5b,0.04264573
ck_5ef935ac3d4d3332,0.0013499729
ck_a84f2cdf695a71d6,0.0005248119
ck_0a4d7acd2a53cbbd,0.0004297972
ck_c5e4a17d3efb19a4,0.019991225
ck_8716cbf892c50e29,0.00040824566
ck_b8c7771de9b57705,0.0003939262
ck_0deb56f3f6452818,0.0005839084
ck_c1e5182bd99e0e35,0.8901554
ck_f786cbc987b70930,0.00011153933
ck_ab581082e8f72e3d,9.315765e-05
ck_45e70c8a9686580c,0.0043018563
ck_6fce5a893613fd2c,6.1869636e-05
ck_003148504557f720,0.007621643
ck_fffa0622344a36ab,0.00038303097
ck_d19bf4dc0627113d,0.0003832854
ck_a337eb38eefdcc88,0.002507769
ck_d4b23804cebb045d,0.0043490916
ck_7bda5b5b927b2905,0.0067587853
ck_f8124911450fdf31,0.8579367
ck_b4d2f02d2cd45720,0.8281064
ck_0f4e2ec66d50da5f,0.0008905979
ck_186161ce152836f5,5.217574e-05
ck_e4d0a9e1102a58b5,0.0004185955
ck_a115a7919ac5875a,0.0033406848
ck_c8efa1538b37c359,0.0028339683
ck_4d9eb75e8eee90fd,0.009824752
ck_9ea3d5a5a91fef9f,0.026374443
ck_3c59df37895ead2d,2.581425e-05
ck_ea269b35406473e8,0.0007634702
ck_2a5b31594206eb30,0.26613188
ck_1fcc5843f39148a9,0.00019981408
ck_7951bd4eb99a0175,0.0005091531
ck_abcbde211b6267f8,0.033593703
ck_7b922518f667f76a,0.00016835054
ck_0bfc394c5faa65cb,0.0008272672
ck_0bd77fea8ed75a15,0.0019293103
ck_7c77e597c951cdad,0.000618627
ck_e72db9d4b2fc9997,0.9971691
ck_ab01db9117acfe3d,0.0013948386
ck_471e4018a23b4e56,0.0013670393
ck_4b31a8862a857e6e,0.25702906
ck_87cf36a03bd63c24,0.9384241
ck_adc576690df5b33b,0.0035843044
ck_02dbabda93c8c13d,0.0013077634
ck_64f5eb4be9e7b8fa,0.18868417
ck_43c1248db37a2eb0,0.00023199678
ck_b08afc91d9ca55db,0.00062576943
ck_237508ca4fb37268,0.017425233
ck_982b0bf2e2b6c4f7,0.00046208198
ck_71c3a8e4c12c989f,0.00048584444
ck_41938582f4351772,0.0024497712
ck_642344e5c652d8df,0.0051571466
ck_cee56be5a502fbd1,0.1977501
ck_0f38d4aed68d7d24,0.038049072
ck_3ed4d13f12fd9d0e,0.00421582
ck_1a9e51d092d62c84,0.6708098
ck_22128a4f0d033422,0.0012872068
ck_c189b551bd111332,0.00023000332
ck_5d7801201749ffde,0.0003781731
ck_982c2392238b7be3,0.022156285
ck_bb4c6b713eb0b978,0.0040933476
ck_2605fd571219e28d,3.747246e-05
ck_bd30853e9a57b544,0.0029006812
ck_a5276af466b681de,2.392205e-05
ck_32e486859130458f,0.98815405
ck_9e35b908fca1e4d7,0.00023944747
ck_c285a51ed6214f52,0.00025867022
ck_67674348e68d1f25,0.005689669
ck_7878679065876b98,0.007131439
ck_bd32dd3b2cbb7888,0.99805164
ck_16dbafc035574654,0.0010784992
ck_c1c2cb49c3c1b0f5,0.21102953
ck_8f59f11b512d5b7c,0.008178714
ck_c1b493527224a27a,0.0006882449
ck_e89d25ed7bdeeaea,0.0006442033
ck_9a84b396aada3fa8,0.013378523
ck_d2fbd0df99634676,0.0016812778
ck_67a1aa88d2ea554a,0.0023562866
ck_ab2e3fc56f5b3aae,0.0074776183
ck_77c587d24695ea15,0.0034994306
ck_f0d806624ef3d359,0.0026545727
ck_160e9ba0a3f7c1fd,0.0009882875
ck_8c0210322733c718,0.0002550852
ck_ef261fc09be8eb0b,0.0008283668
ck_a2624e0387974e0e,0.015040962
ck_6ecf56236789fc09,0.9075254
ck_3af1eb88728ed8c7,0.0026345465
ck_5d8773badd0d4740,0.0013366553
ck_e794741742fb2619,0.0007016259
ck_2f8120ca80a1592c,0.00075244706
ck_ccb4dd9d0a48a76e,9.48436e-05
ck_bfa7ba218b988cde,0.0023250908
ck_64b4dcbf436f0b75,0.00033781564
ck_41ba315d8fccb559,0.001479394
ck_d23f9a50d1135ce1,0.0053024734
ck_4af5ec61ddbde1a4,0.0026649423
ck_560bc6017870ab06,0.0003508504
ck_dbdf8d0708cc6718,0.00358505
ck_e00332597cf1eb24,0.0011386095
ck_df6fe4ec5a233213,0.00036836148
ck_94d5ce61a0c50465,0.00064064417
ck_e6fecb82fc2a82de,0.0012734067
ck_c4f4f28457be8a74,0.00012369594
ck_c7e129058beb3ac1,0.0017887283
ck_4ec040b9e3785e4a,0.0003486493
ck_e21f9f96f597695b,9.453751e-05
ck_ada6ede84c111719,0.0013235039
ck_549ed417f2834cee,0.0050219432
ck_5068ee554ceff971,0.00994258
ck_d7d50fb57fcb2d0e,0.00042188104
ck_e0e9cfabb979f428,0.00027346474
ck_34bd190d37eda534,0.008107685
ck_99021fe7225b5a68,0.0022313166
ck_55933936536a4071,0.0025503107
ck_517620ca16505af0,0.00041294313
ck_ce927322ef8f651c,0.0031317142
ck_b294aa27a0b586d7,0.0003258307
ck_c9f9fddef39bc664,0.0016601557
ck_13757bf0eeb353e2,0.00024613473
ck_d116e0e7c19b878e,0.7951392
ck_a3747201f377626d,0.9898337
ck_a315c9619a317609,0.011911682
ck_9958b58da9e3c21c,0.00062586635
ck_89184bf7b7fe41cd,0.032715797
ck_16b66bd803288bc3,0.89503163
ck_7b382e533e2e925a,0.0015543655
ck_9a56739d81f84a53,0.00013405329
ck_4f0c5857da45fb28,0.024270305
ck_3b49768b448b071e,0.0014945035
ck_54bb53b8f8ea32ae,0.99492526
ck_4c7c50684827a2cf,0.00042480117
ck_538dad7f096458ad,0.00063279754
ck_2884bab237af16b7,0.003287619
ck_8a6ea4a79b1c7a8e,0.0003226887
ck_57c14e32fa4683bf,0.0003921184
ck_c5b0f0d4f1655a20,0.0014145923
ck_aba573aa942b1d41,0.0021106869
ck_15239ef0689c1a35,0.0026367968
ck_aa153a89a52f7eb5,0.00073481933
ck_fce0610c527e2b56,0.0030947381
ck_863db2e394dc47d1,0.97830313
ck_66dd4f4b4127256d,0.00031316053
ck_79205e31223df2ad,0.007334677
ck_31d5e3daced93d3c,0.00023953107
ck_1fca72e03143a645,0.97678876
ck_a627734880aca848,0.0006012276
ck_8449a28f7d475d93,0.0016876125
ck_27eb86a9898cdfe3,0.00041206033
ck_50087d8666191144,0.39961106
ck_d28806a2179092eb,0.99846375
ck_bcc8519fe8521038,0.0010637109
ck_53036d3c6c74446c,0.10291951
ck_7d81b59d615a6649,0.009996653
ck_5e5280539257c986,9.669099e-05
ck_1838cf8d00f5b1e1,0.0025586442
ck_50460e0189de6274,0.98978955
ck_325caeab5c7a9c3a,0.000115419905
ck_7ce4ca91b8f9f1c1,0.0039819204
ck_f87d66946252476c,0.13704532
ck_6d0d081bfa8a0022,0.0010318309
ck_ffc8e3c1377d0706,0.000777065
ck_38d1a22850178f33,0.0010149296
ck_5c58e7f8fd55e26c,7.856882e-05
ck_1375ad9f10688e4a,0.0007246662
ck_7ce768407fd48321,0.0004067662
ck_31b16b8848584e98,0.0034829343
ck_fd44e34af620e606,0.008435877
ck_9441d48a12e8a4bf,0.050821606
ck_f69e93388b3028cb,0.012996203
ck_687b412e2aac7eb6,0.007421397
ck_f473a03fbcdbc4b0,0.00053314783
ck_28588fb03b320520,0.046347123
ck_9f9555197480d1cd,0.00530394
ck_2ddfc948b8eac752,0.027104527
ck_d56fc799542299b8,0.00062930107
ck_edde1d7d1db24725,0.002086522
ck_81793387b38047cc,0.000104636536
ck_13648cbd306eee6d,0.00054763636
ck_a5d7311291caaa54,0.0018838223
ck_bd26d2bef14a8597,0.0002533534
ck_8129e81cde280131,0.0013648921
ck_431118050b834dcb,0.0012719411
ck_580dcec33ec232b8,0.0023289777
ck_ecf006bbc78ee3eb,0.25403425
ck_acf7d65eaaa4c31c,0.00088175316
ck_8ce9c5807acbef48,0.00024449607
ck_c3d7d3d12a1981a3,0.000680567
ck_9075432001a64e75,0.0011994283
ck_f99738dff854e25f,0.0005023228
ck_a1a93c5f375f6021,0.0010928994
ck_a35d81bcc54ece2f,0.031443313
ck_f3996a3c8eea1ea0,0.0010745642
ck_b75b936aafac56b9,0.0012447123
ck_25c355da356c730d,0.0047829105
ck_5615c6bbdef05291,0.06071828
ck_4db95c310e105d30,6.502916e-05
ck_b76510998b9a2260,0.0015121859
ck_90bc176c43d85fd5,0.031304587
ck_4b387765f0e916cd,0.00017249242
ck_f11b1565f986f5e3,0.009984065
ck_e5018f9418e0102e,0.004494926
ck_a08f8dfadbdca112,0.00070849934
ck_cdb8061d8d1a6c5f,0.00042634603
ck_6e8ebaea8f7bffaf,0.00026030032
ck_66746d1090d6d9e9,0.00027681296
ck_9cf5e88e97c8c7ea,0.0012228069
ck_fae7e518a585fa61,0.0052464814
ck_8fc641b1750a2542,0.13030681
ck_c9eeab826781dc91,0.0007719775
ck_95ffa1a805a1c9d1,0.0007217818
ck_e839d104854945f0,0.00020103158
ck_f04040a830f92bac,0.0009057882
ck_e8b5bfa6838e28d1,0.0028294793
ck_72e7b1acc19df820,0.0007274217
ck_fe43da07608b1749,0.0008588785
ck_7e29c10d781c3b41,0.0043347855
ck_f56073911c9f1ab7,0.00029867547
ck_68be4fefc85a6b64,0.09336371
ck_f07b09879d697b82,0.00026158357
ck_b9c6b32f6bd92a3c,0.0005945001
ck_c8ad86806b9a2369,0.0032510527
ck_722ac47c8ac9b6c3,0.52196485
ck_d812eb6930192793,0.00012337964
ck_1774faf414a5d49d,0.9827747
ck_7b93a622e40d8b14,0.0031967927
ck_39638880292782a7,0.0003418229
ck_11132d245b94d045,0.000730187
ck_f736cffbdb82db34,0.00010370152
ck_0e477084434da450,0.0028487134
ck_ea819e337233475c,0.3281273
ck_c6b6ebe145a8ffab,0.0008267967
ck_0af3c13ba56ce57c,0.00025221414
ck_cee8d42475a0f020,0.0009969249
ck_748b3ea941d8b3b9,0.0033088997
ck_96c3a3517153390e,0.0005780287
ck_de8af660806b97b5,0.0005700673
ck_2951d76c41de2569,0.0019291663
ck_35fe969c58b9e70b,0.016197171
ck_59684167f9c6bf4c,0.03617811
ck_1645e6cc53fa99ff,0.0027030448
ck_fa04ac31e596e7d6,0.009605591
ck_ace21f6daef94f6e,0.0006453524
ck_1cef30d08f3a598d,0.00032489517
ck_cb61902798ecc4fd,0.0010961958
ck_9ee044b73943a90b,0.0003505644
ck_f538ab6aecf2adfd,5.329662e-05
ck_c2608f78f6851d10,0.06430017
ck_cf49b6544aff6c50,0.036150184
ck_f45bad1606fa00a7,0.0004909809
ck_863708a99b92ef0d,0.0036045173
ck_7fc9a0776e1339e3,0.00014068764
ck_320df984791a1b99,0.00035618673
ck_6fb2d142c09ed3ed,0.0036996629
ck_3e47f8c56c811700,0.0023303963
ck_0add2c321d579d75,0.000908894
ck_e4c0fc52c82065d3,0.00091261195
ck_ca68dec0c7df5a12,0.0011160233
ck_ae3a763997f8f385,0.009009727
ck_a38bd07a5fac5c9a,0.0007636157
ck_a73045e96af0e4fe,0.0018077063
ck_f29dbbfdd2786bd1,0.0014004309
ck_a7331e8b808c39aa,0.009435127
ck_16340be3f2a7fffd,0.00072493765
ck_b129261da9c3c3c9,0.0006852921
ck_07840bba5570785b,0.002352277
ck_abb056a9deab275a,0.003651484
ck_126531a9126c17c4,0.0013508423
ck_333a43ec339a04cb,0.0036854849
ck_34a6bd3be642f15c,0.0017689874
ck_9c46711b14d9eebc,0.0005138566
ck_3acccc69f8b1fd14,0.043050636
ck_74665e1209140ae8,0.00051332713
ck_670dc4910cf476c2,7.445634e-05
ck_7e2d6b22a0ae20c2,0.009178516
ck_723323f6870fab59,0.009283416
ck_c8affb27ba7fb5db,0.009420124
ck_e5f8c8a5824db594,7.902674e-05
ck_7e5f02b51b9f78bf,0.021980874
ck_b7e25ddd41514d4c,0.00017071531
ck_0e0919292ad33472,0.9897215
ck_e35a4b4a3cb4cedf,0.00048732452
ck_65be698386474170,0.0005968417
ck_0cf220816e320ac5,0.00032984285
ck_0308e0602b856445,0.00061765406
ck_5e1b81848718bdc3,0.0007749589
ck_2085433978e72ea9,0.004133884
ck_b5e4c6dbbed1b773,0.0005749267
ck_eb9f0c06ee017ee5,0.0007935234
ck_30dac0a58c5590cb,0.0159452
ck_05e01ab9c95449da,0.0012377393
ck_f409ff994a210601,0.0019858652
ck_05652e8ace6ce6cb,0.00030292026
ck_f4ec4a935e51b4db,0.0029887639
ck_df5aedb4118020bf,0.89741385
ck_1dcaa3078dbb7571,0.00036643547
ck_47e1032f490bb018,0.0011019129
ck_5ea89567dfe78e4b,0.0003791678
ck_1225a97fc413a419,0.0066886772
ck_2296d7a563424883,0.0005042179
ck_57c07c45269ca8c0,0.00021518789
ck_7df3f8f4f1068d62,0.00034911325
ck_558ebde8c29132a4,0.0013382413
ck_2d923d957ffd4d53,0.0008199704
ck_6ddb55b1f23c6cb1,0.0072118463
ck_93470896f0804b6b,0.944653
ck_556c62e92d4e7e5b,0.007447851
ck_a059d00cee5cee99,0.0013262357
ck_0174d76398d9dc0f,0.0043509193
ck_49e253ea12f4e922,0.0025312786
ck_f7276091bf513d22,0.00043039315
ck_d321249fb065d2fa,0.0012091439
ck_e0403d507519b7d2,0.00027364495
ck_0f3de7f074bb33af,0.0026685987
ck_bec8324a3587ef04,0.00034873307
ck_a3c25d6cc7478068,0.00020721639
ck_2ab7eddee2d8c49e,0.00023620945
ck_e475a3b8ba870a7e,0.0014996355
ck_9b2b0e286de78a1b,0.00057851727
ck_5cf67a3a747e684d,0.6273101
ck_9401f9e11f65337d,0.0010316363
ck_a0e5656e1cf9cbf5,0.00017530624
ck_398a1ed77b0130e5,0.0021381492
ck_4f5d022c99f118b7,0.004638917
ck_630530e50764f229,0.0042298357
ck_5cacad76e02c8e3d,0.8446402
ck_2cee2dd7bbfc09a0,0.7325067
ck_9478dfe4114c30f6,0.000116352014
ck_2a09c7aa870edb6b,0.00027907203
ck_d5d225ce41a1a762,0.004265287
ck_76091f357974a152,0.00784294
ck_26cfd7c3c6c7bf69,0.00076930725
ck_8e54386f4fe22cad,0.0063878763
ck_22b52654776a1ea8,0.99474686
ck_822d6e8e43befc72,0.90236706
ck_15eed0f5652f0352,0.0009234824
ck_6bc351a3d57aac54,0.000883712
ck_bc736114a31088a7,0.0032818767
ck_002cf760d173f0f8,0.0007991555
ck_8f8e4fb9c6190272,0.0017433389
ck_a39d0bca345b492d,0.0010276033
ck_216e87a41de22b5d,0.0053699594
ck_75296704f5806f56,0.0028301345
ck_2bdd8616870e5e1c,0.00031149897
ck_798157bcdb9453e1,0.00037721213
ck_9a1e3ec9a1839939,0.00024585868
ck_a9d994554fc14a02,3.245843e-05
ck_410c3e13b48e0415,0.00045224623
ck_d4febf0083800424,0.0045909407
ck_9527adac182abe57,0.8569145
ck_4087065be2a45ad7,0.024598286
ck_c0e8560ccfd9dd9d,5.7869165e-05
ck_8d87658a6f5d204c,0.42719007
ck_d973444855403e2a,0.0016143834
ck_64eefec062592c43,0.0011686706
ck_5b86fd14e85bc9c7,0.96317303
ck_ba175b1bd8efaabf,0.0013604843
ck_7696e38b3e4197b0,0.0066053947
ck_51bbbf8f8e8ad005,0.9996425
ck_df935d8bdd44883e,0.0008824739
ck_a0714f98001efa0c,0.0005801055
ck_8c9b57ad2a991416,0.004124415
ck_c8c1bf16d9113493,0.0010765432
ck_b89cb90a420c9075,0.00010797529
ck_f0424b3b36bdbef0,0.0060926895
ck_8e89ca8b39f3f8ad,0.0005568797
ck_9c5feef7647b0588,7.951172e-05
ck_374865697f1480eb,0.006187563
ck_0229a07185f15469,0.000690453
ck_4291fd9c1161d8e1,0.007665222
ck_61a59a7944d6c53e,0.87074304
ck_f21efd504faa654c,0.00013583581
ck_64c1633297f43788,0.0014196924
ck_991c4c924a1d85ff,0.96085113
ck_2dd39723c4088b64,0.03791513
ck_65f76421be648549,0.002450312
ck_1b93381d8eea58d1,0.00080377946
ck_8572c5f5c1447c62,0.0030838123
ck_80b8fca67a14e0be,0.31667104
ck_45ed5ee496ef8a67,0.00044116544
ck_36979996f33498f7,0.95518595
ck_219bef979ee21bdf,0.00024807607
ck_7a6cb27e390b6ceb,0.00011844153
ck_d07485ba10514a2d,0.07639352
ck_81e21354e477eceb,0.0037518262
ck_df39e3b8a9fd0bfd,0.7168736
ck_49839e761d0e74e9,0.0025127158
ck_9d7b9e3ff1f3e71e,0.0005529064
ck_f63cb5e8cc702bad,0.00025816855
ck_cb856e75c949b0cc,4.5228608e-05
ck_0fd9312411b0ac55,0.0033980606
ck_9affb0f26776b642,0.00021917044
ck_c417d06f3e94685d,0.002941646
ck_6c2453229d608183,0.002199774
ck_1867b1199c864db5,0.003866646
ck_8398adeaf41f9cae,0.0003945604
ck_796d3eaabc667c23,0.99775726
ck_b4d55bc809000276,0.003435344
ck_839bf139296b5cea,0.23422277
ck_e57b94fe57341058,0.0012644575
ck_8ca808cc5a49cb5c,0.0005862986
ck_f4ec334be5266378,0.00037766187
ck_61c3e3e277629646,0.0006572172
ck_483fb981a1fb4317,0.00020939577
ck_71f382d5e338daa3,0.00057478563
ck_124a197be41687f5,0.0039877626
ck_4e4f99102f6938cf,0.0022897762
ck_3add4d23124c9290,0.0014994993
ck_5c3f13de0dbd5086,0.0026529422
ck_921ff5ceaf40a968,0.005689442
ck_fb0c138c003e933a,0.0002284213
ck_5177fc7137ff26ce,0.00095865026
ck_dfd4e79aaa967b63,0.00036919978
ck_850ec97a5a0dab9a,0.011090727
ck_d1a1cf4cf61d6801,0.009304034
ck_646b15f753e5e9c6,0.0018261378
ck_60f4fb44f5efe3a0,0.000342957
ck_b53084ffede19a8e,0.00012370382
ck_5b16d67c5ea89930,0.0016237847
ck_a4ddac49657a4450,0.0015196892
ck_f917c82af80e4a79,0.010184024
ck_b87ef4b98cfcec4c,0.0055788406
ck_877c85bad118bc62,0.015215141
ck_42317c3eabd0a285,0.12318188
ck_a5bdd026fa9c50fd,0.00090702536
ck_7c88d3d377bb61bb,0.0013257734
ck_9acd98f4fe2d474e,0.055410184
ck_6d64193681d2a94f,0.008952966
ck_991b7dfd69098320,0.00017406417
ck_c5ece5ffb8800ad4,0.0009021028
ck_ffe91d6f0bd93fc6,0.0038812067
ck_14f9535e53f9c7a6,0.00050264876
ck_e35b2ed08b9e55a7,0.00086489244
ck_3ad6e7bf452c9b21,0.0011234441
ck_ad8cbe6e27e47ede,0.0010780704
ck_29fbabf855cabdff,0.0011602064
ck_700cb620f300dd47,0.0009227488
ck_b1cbd6679c0f8d95,0.0015148448
ck_708fea345f68037e,0.00012798121
ck_b08247c3ad567d92,0.48152363
ck_25fea39897f2a559,0.00026030157
ck_9eb80edfa43203de,0.0016157174
ck_6cbb011e0c70bc7c,0.00010062079
ck_309a432c160a17b3,0.0007389752
ck_e949a0f4df0b3902,0.88387257
ck_4b123d6931b6d0d7,0.9574374
ck_13677a1957078827,0.00029639027
ck_243bd5ca8c4ae5d0,0.00048469153
ck_360237c1bd30f4bd,0.00035543286
ck_b17c239f160e6017,0.00083634164
ck_c91a628236baf91b,0.10551326
ck_182dc4a2f5a366da,0.00027562235
ck_9fba80f56f357fe1,0.000992346
ck_c1c5ea839c58958a,0.002371471
ck_6a0684436a1e66c3,0.9578578
ck_63d2978706e193d2,0.0037090883
ck_8703543bf3134306,0.0003254799
ck_d79bdf04d6f31cd5,0.00019469245
ck_b0d33b5a3716661d,0.0009281607
ck_bce253d2396681a1,0.0003278802
ck_9be551300209fa83,0.006171518
ck_ec3d12848ced99f2,0.0020169176
ck_ad305286702b1958,0.0005250048
ck_96c7d52ba0a766ef,0.013897732
ck_e1d5ad20c737c745,0.024864975
ck_7429b3f87528e335,5.9548234e-05
ck_cf606fd6ebfdf9bc,0.009169137
ck_878522cb775b904c,0.03974426
ck_218b7e6e6dbd2da0,0.00052570406
ck_1dc23dc870f1773d,0.005362299
ck_fac046ce336fe39d,0.00024990021
ck_0d846660c7957a88,0.00029060768
ck_6821459b626d492c,0.00021638328
ck_dc4db8b932df49de,0.014844613
ck_c49832eabdac5bb7,0.00025020633
ck_c3e37a4d3382c32e,0.00038907462
ck_68b8b859a6ef505b,0.0039434866
ck_8d501a0386c66be8,0.024753625
ck_86b853c52f20fef5,0.00055491424
ck_15886fe84866de92,0.0058863736
ck_92de019e05971ce3,0.0047699474
ck_af7ffd1a822460d3,0.01973385
ck_917d82c552f95a23,0.000656078
ck_74e5dec189761d14,0.00012910827
ck_54b374ade34e1dc1,0.0006070142
ck_beb97e498e6cf8e8,0.002260957
ck_a96aaef34173aee6,0.95006335
ck_79ffcfee599d77c7,0.0031747299
ck_322ffda3332d08a2,0.005189762
ck_3b1d7648d4580bef,0.0006264646
ck_6e4b99fb9725d9fa,0.0010735947
ck_893b8afbe11301e1,0.0003688501
ck_56b992c6f136fa5e,0.0011680112
ck_c624b9063400fa3a,0.011222638
ck_bed3e3db135b782e,0.001798899
ck_5d038ecb3c8748a3,0.00022723351
ck_77fced07f6dff42b,0.0011283422
ck_05d81b1a150f31c5,0.00035293723
ck_285719c77eadf915,0.00024154418
ck_664b5e02759f985a,0.00087026163
ck_eb48c0bcd12ea654,0.0020683953
ck_1bcff399166d7c43,0.0013576386
ck_e9e3381d5e0e5051,0.00030971452
ck_f5f87f772388efa0,0.004044179
ck_80b072b7f3c7e8e5,0.0005133993
ck_386680372fb54857,0.0009970863
ck_d98934f9fe0b02b3,0.0003433252
ck_283c5bea94b21e80,0.00012195298
ck_8dbaaa00ad829ca9,0.00089644635
ck_9782c86ba6485f88,0.0002964321
ck_83a69c4a5d55ef19,0.004210483
ck_4fa85cebf707de2c,4.847352e-05
ck_ce1500a7f0d03fba,0.0017870994
ck_73d60b4630e3937a,0.0008428298
ck_279d43303708109b,0.00096512726
ck_64ff60c073fdb6db,0.0032606015
ck_d5c14e877ca7b755,0.0022615134
ck_7e5401c362b2216a,0.00014852418
ck_064b2aa3f0bfdb6e,0.0011934686
ck_70066eea13b4c34f,0.00040088213
ck_f0d349d68249d5db,0.00032375887
ck_86bfe328e0a533b9,0.9613957
ck_18f67c00ba21fbde,0.0014219378
ck_72fdfc7e6d8e1436,0.00019844515
ck_75257ca7d7da2861,0.0030872447
ck_a0c3059a959ba5d1,0.0014330817
ck_52f641c9ee6fda70,0.00019150288
ck_7c6b577174af7a78,0.000609684
ck_52174855b243a8b0,0.0010696531
ck_c12805fa5d970a83,0.002771382
ck_0406931800e0e2e6,0.0003502993
ck_4b97d19ed946f503,0.00023686077
ck_87dc484baaf5a23a,0.00024913892
ck_539cb0d117db8cd3,0.13015643
ck_09f8f51bfd2492c6,0.0021821484
ck_05c4dcbb45de1f8d,0.00037471647
ck_37139b41c5370523,0.0023463047
ck_ec094eb1cbb3efc5,0.00034109387
ck_db32c95ce2b6f502,0.97690463
ck_7a02ee1bfba7353b,0.0018784996
ck_571dee4f3336c7ce,0.0010178589
ck_c3c69aefe7ea1d2f,0.002382517
ck_de05f97c3d40dd1b,0.014466672
ck_823539d936c55fc6,0.00015054358
ck_97e94708bcf43563,0.000682417
ck_71c68dfd011dbbbe,0.23656958
ck_f5791fd8fd8fd191,0.0005709529
ck_ec986285fff05b7d,0.00032040273
ck_da3526ab6c5c884a,0.012315301
ck_f9197b070416f443,0.00014089343
ck_4fc6256e0e60a926,0.0024168037
ck_9c0deab8a8367c5e,0.00013673796
ck_f34fb7ccf82f41e5,0.0001653665
ck_777669e2243204f2,0.8213293
ck_d3a2a4c011fa2554,0.0006221377
ck_ac84b33304362c06,0.0019164426
ck_16af4be191c47d3d,0.00018657092
ck_0446920a1004c596,0.0019307744
ck_0c6a50d747593b7b,0.0030243422
ck_193d9c87ad3f1dad,0.00040176034
ck_5b8315726f6204e0,0.00087458896
ck_f7e53af3c91fec64,0.0037594067
ck_e679fbf4f4f4aa07,0.0012474612
ck_59a14d2564193101,0.0005944785
ck_0e9ec486bff403c5,0.0030222468
ck_f6b7a10d47dd9a1f,0.00018086866
ck_4b4d99e443618904,0.00034348495
ck_4f05daf1cf0d5755,0.00044283623
ck_64ac5e6fed86ab60,0.9848341
ck_01ac687ce0d696a7,0.0015655877
ck_5f9a7ff990341bdd,0.00044455685
ck_010d0c2e6c1657fd,0.034357116
ck_4b2e87d86a5e415c,0.0005503152
ck_66f9f78d4c6a3edb,0.004124129
ck_0b1d84252c0b46c2,0.0006969958
ck_68b5542459638b56,0.11002724
ck_62967b91504149f9,0.0021243899
ck_f99bc1732ce5e999,0.001707669
ck_c2017120b3b88a46,0.00023612185
ck_f7ff94c3df5ac874,0.00068906794
ck_25382331551d22a5,0.01885997
ck_703b41624ae6a5b6,0.00045853294
ck_e2c66c72cc0b0f78,0.046249773
ck_28ac4c5134cb8e77,0.004568195
ck_168c96a1a636ea15,0.00095133024
ck_39a81899dded61e4,0.00030893952
ck_94a096c36162a153,0.0011258395
ck_ee535461b5f05539,0.879678
ck_59c29d9c57b4f994,0.0013989207
ck_8982888dd6611143,0.00097174366
ck_60896cdac2212bea,0.00774796
ck_aa188e5c25f7f42a,0.001021368
ck_1f56fe99f250cdf4,0.004091424
ck_d0dc156441fcfdcb,0.0023218223
ck_395f3bd4aacd7ca6,0.0023379894
ck_5576b725de38d106,0.011388381
ck_e2d1f212f259539b,0.0039012695
ck_3c3a1a1365741bba,0.0014888395
ck_4f325dd15c9bd45c,0.0016850348
ck_66f0945add423e9e,0.00047079075
ck_a74f6a3030f5d495,0.009353067
ck_d9ea77f4114a389c,0.0006408179
ck_bf15a1f8d67a30d3,0.009988525
ck_bb643194d1cbc47c,0.99484515
ck_80e5ea27848069fe,0.0004099956
ck_635646a661f05b4a,0.0017760389
ck_bd80546b4807dd59,0.0015876249
ck_63743141ffa11f45,0.0016724373
ck_0b8b7c5c581fd161,0.00010728795
ck_79d62ef181bd0cd8,0.0019700984
ck_562c76a3753fc7da,0.12796903
ck_d66bb1f063357f99,0.0009045997
ck_89d7bfc81c3df597,0.0011811509
ck_fb0cf32c4a56f740,0.001334054
ck_6c679602a6476ab2,0.0013966776
ck_71b37fe47490b4ba,0.00032551464
ck_494ec63c5ce8e150,0.0015690149
ck_92e474e4368c4791,0.0030988143
ck_2d3d6c9364362017,0.0013301376
ck_354379de065a8ff8,0.00030363965
ck_f7bde7265053364d,0.0018862888
ck_820219bb9c761b52,0.38359496
ck_a5ce2ae36fb410d9,0.00011273469
ck_ac55dc6cbcdf8228,0.0013086057
ck_f34c93a8173555b1,0.13196659
ck_fb3b68b4424b5f92,0.043949835
ck_d3f44bbe2f7e9b2d,0.0017148546
ck_dd9c5f0c42878e67,0.0017915589
ck_41bc3efa0fca700e,0.022334326
ck_4d1baef193cfb900,0.001668535
ck_aecdc5a96321a2d8,0.0014161519
ck_e7c8a9e4641eb9ed,0.00017275398
ck_f2350bf355dc919e,0.0009746533
ck_bc61c59970f8de49,0.004489768
ck_389607982eb6b701,0.9721419
ck_ace6b72e5bf3e93b,0.034060545
ck_2afdd69094c955c5,0.0083460845
ck_fc9f16df35190eb4,0.011177947
ck_c43b4175fc9ac5bd,0.9568453
ck_1a4e5ace078dd782,0.001344692
ck_232325ef6bce92f1,0.0018213531
ck_51c50c4c443df31a,0.6269836
ck_126a82e8d42e5ce6,0.000652596
ck_caa348f0e65db062,0.99163496
ck_a6f61864fac3c8fb,0.00032907425
ck_694eb6c43193afd4,0.003243243
ck_d7792b429620fc24,0.00029264792
ck_2208392a9f6bd249,0.004171165
ck_8ff7a9b23a55fd62,0.00056629465
ck_8c5b29f6666d4874,0.005297815
ck_fcf5b8216d0c18ef,0.00024968205
ck_393287947b5c8d79,0.00031485973
ck_3e6833574edf1736,0.0008172367
ck_8b772caed8f1541c,0.0007576383
ck_e914974cee1bccb1,0.014838722
ck_4f1e962ff8a29732,0.00018989768
ck_f6923088c17a04e2,0.0132149905
ck_10f90d879209734f,0.0006249127
ck_3d6c3c00d854f5a4,0.016763885
ck_6e8f8ef7a03cc6bf,0.0055227894
ck_833688de8629c5c0,0.0004295707
ck_20578ac693ea4e93,0.017290289
ck_43aa136bdb0a2832,0.69847184
ck_09cd5c4df1e81ac2,0.28786486
ck_8f4b384955bf57c9,0.00049742893
ck_94b90ab8b2dfb50f,0.0047366163
ck_ea618f720ff0b4b0,0.00076995674
ck_6c83aa1d100a7cd8,0.005924887
ck_e7be077aa0b2632c,0.00034424043
ck_e10ff5c38bd18470,0.0009856044
ck_0593ae243a9ebee9,0.002785814
ck_b20b81b88dabe28d,0.00044556145
ck_2bb6a17e8eee35cc,0.01253692
ck_8def763034187436,0.0007424558
ck_c1aebbeca6ab5ff9,0.0008675456
ck_ef307a6aee38d1fe,0.69023573
ck_49dddb894d33f6db,0.0032372323
ck_0daec63bd5b0729d,0.0023668073
ck_c49b685d2b3ab89a,8.842628e-05
ck_732d45bd578dc39d,0.0012086481
ck_74c3c3452e4e7cce,0.00048519883
ck_5986119e7d81e831,0.0009253113
ck_98d2f9a6ba3a3077,0.9721081
ck_586001d3ed9e7fbc,0.00013907664
ck_03be334935e999a2,0.007838251
ck_9a43c0c73a39d759,0.0031304075
ck_a1c7cf63467df4c2,0.00035137043
ck_ad48826c1c26eb78,0.97367215
ck_985c9ca112000e9a,0.007511704
ck_aa06ed358e43db69,0.005438465
ck_d21612d48bb4f7b8,0.0011865349
ck_9a9e3dac79280d7f,0.027970288
ck_8250eddc1ecb07a0,0.005555678
ck_d6f27eacbad310f4,0.00070742826
ck_27d69ff4e0cb428c,0.008648792
ck_5e5461dac83531ac,0.00047594777
ck_d1bb8890081e0a31,0.050077625
ck_cef2a485a77e0723,0.00031415332
ck_3e24b026bc66789b,0.00031223395
ck_8105bcf69a75ee47,0.03307425
ck_6494f0ef13ce44d9,0.00349284
ck_a4a7ef3ad799c380,0.0006048587
ck_a48ec0c00ae20e82,0.0023631463
ck_4717f24f2c6f40e1,0.0020826478
ck_54748ae0f2daaf10,0.0016132479
ck_ebd0a45712dcf07a,0.0003567063
ck_998475a2e4dfad4e,0.00031546247
ck_99c0a41ac9c73857,0.00022934483
ck_ca24bb0de508efb0,0.0011220723
ck_f2b8995fe5402759,1.6743666e-05
ck_d37d56e931105db0,0.0021319208
ck_e66ae4fd586fedea,0.0003689964
ck_c1e7d1021ae58f00,9.819318e-05
ck_687ab5d5554bfa79,0.0029673905
ck_8f8e5e2b9dfec3d1,0.011349793
ck_537cc97d0398c922,0.015023057
ck_56b389627d8f02c5,0.8214198
ck_48a6754977a44db0,0.00051832496
ck_074f20921189e7d6,8.098633e-05
ck_f22aacaf86a65d7e,0.003921771
ck_828eef2334e17b3a,0.0015002219
ck_dd8edfefa1eba531,0.00012561031
ck_66cd34bc568d95e0,0.0022159046
ck_c95c786d2f8b8edc,0.0013485388
ck_bce5b7fecfb6264d,0.05031419
ck_d32fbbfe32c00416,0.0014043736
ck_bab5759b07fe2bea,0.00018098409
ck_c55afc68421d85e2,9.231156e-05
ck_dca0b6ca93311ca2,0.006657424
ck_e0571312f395cd94,0.0011321402
ck_fd038a7d33a9d6e5,0.003434224
ck_ce66831f6611014c,0.00074565085
ck_09fab6b9825001b2,0.00027781818
ck_80b50fad7f255e1d,0.0005112345
ck_2a97db9377d01e36,0.00043105747
ck_9e5b7acf51b1b743,0.014548063
ck_5468fa99c945d785,0.0016584045
ck_556786868599143b,0.003007078
ck_a6d4f998dadc90c2,0.6797309
ck_4d2159603045109e,0.0020075832
ck_a9ca2f447b984a6a,0.004322272
ck_cd553ba6589d8bfd,0.00400778
ck_830b2c5d1818ac07,0.008774471
ck_80eb91b0b4001084,0.023262557
ck_730226c2d216cacc,0.002961585
ck_f07e27d125497b66,0.0012103331
ck_b68199ecccf2350c,0.00042734007
ck_15dd3ecaa8ce0245,0.9688593
ck_6dac66c8198c07d8,0.0013642061
ck_6b817117d87063a8,0.00045429554
ck_589109a188adc2c1,0.0005553052
ck_bb76609b79e0bc9f,0.0036082696
ck_f0cbd5383bb07778,0.014192173
ck_02b9f418524f6650,0.0020140335
ck_4e9a6f06ab134102,0.001056649
ck_7334a9ec656263b2,0.0034725629
ck_f80af368cfc6cb7e,0.0013864759
ck_d74b2ead8aaa3f73,0.0023528903
ck_1dd69a11daa7bf1a,0.0011560533
ck_7509eb97c1948b16,0.0008039105
ck_a406bf11e48cf8c5,0.012978178
ck_d1e3de178601d3c2,0.0022169487
ck_71044c29ef071570,0.0006970017
ck_a1c88c0568f142d0,0.049883958
ck_dfc6f5712d8d6678,0.022344716
ck_9c56114f84e9a541,0.0003332702
ck_d7c28eaa05bb7144,0.0021712624
ck_3a30132a57181fe3,0.0024897524
ck_48d0fc4f6a2109fa,0.9970515
ck_c0389ebeb0e65cb8,0.00030245478
ck_b4c014d5c0cc9eb2,0.00024053459
ck_a4258806a533efa9,0.0010464495
ck_363751deae40edfb,0.010266494
ck_c1295d97cdf35ec2,0.0027965193
ck_648c03f9aa4e45f1,0.01647733
ck_65ed7e72f24731e7,0.00055387063
ck_633e6579f5c74a5c,0.9945258
ck_45cd5ef6b359e9b4,0.0003799539
ck_2e679af24adedac8,0.0024522475
ck_9e962f9bb0e7bac2,0.0006140978
ck_bef3193f124fca5c,0.06426056
ck_a907fa8795cd4baf,7.365312e-05
ck_f280d31f54a4710a,0.0011254922
ck_8c582eb0f6c0148c,0.0005973621
ck_4807726e797fb893,0.00036433642
ck_b3263e7f31aab45f,0.0034584142
ck_3fb9813849e51837,0.00061644404
ck_eefcf0ed15897898,0.0007627335
ck_bc996c523944644b,0.0044980445
ck_74b848064f2ff45d,0.001472559
ck_5f9e34c849704b95,0.00057616236
ck_fc7a9d0643570053,7.397459e-05
ck_f437a53fc832ec95,0.917638
ck_56e6cfa32156a916,1.8495855e-05
ck_2e1b46c5fc56b863,0.016424002
ck_1af2c0b3b8d202c1,0.0002623176
ck_27b07021500ee841,0.00035775898
ck_148cb0c723284dc0,0.0027457515
ck_70b9274473bd6dfe,0.00022187285
ck_fca7cc9c42695453,0.00037837648
ck_8d9518f64b222416,0.0010953132
ck_f1e1c8491f16f912,0.00073278195
ck_d36733da917115a6,0.0046362975
ck_a4691b57f837d88e,0.0021946703
ck_e738e920bbd74a7d,0.010612292
ck_6d26a152f900fee8,0.0003117346
ck_630c835243c66b19,0.99720013
ck_e88e86b19cada4aa,0.0013515005
ck_15918075563eb074,0.00036841276
ck_9439bff87e616d4a,0.0018694112
ck_993beb188dd4abb6,0.00084629183
ck_dff090f03ca5529e,0.0007788757
ck_3baae40454c00938,0.00051021366
ck_6ab83f45bf16eaa6,0.0027022697
ck_77fa39d3b733c226,0.40139937
ck_daefe1e2d2bc362d,0.0011412444
ck_f01e94331067edf6,0.0007208493
ck_773efe58c6278c3c,0.0003450028
ck_f7a7f8f5903617c5,0.00079838256
ck_fe037765aa465c58,0.00242001
ck_29f3a1737a2d9634,0.0026496449
ck_7825494e654d5695,0.002560951
ck_325c7643cce02da3,0.0045998506
ck_01e0689157fe9617,0.37945423
ck_7bbe1dc8add17ef0,0.0030500886
ck_e0ca2c819658f6b6,0.9912997
ck_2d14bcd2e0fc043d,0.00046964327
ck_fac32d76ed40f683,0.0002579233
ck_50df50af592b0c06,0.00039899017
ck_23981a3261674131,0.0021046193
ck_3a4811dc4a1a891d,0.0010720872
ck_4874bdec79f9106c,0.002181973
ck_fd84507228467b40,0.0017571779
ck_6a17384072f904c0,0.00013918502
ck_74991a9e85c3b07d,0.00048843294
ck_520ec32c4f253604,0.0043016914
ck_ed01be7504dc4187,0.008759288
ck_c6fdb2972417c9bd,0.0020698672
ck_74a06f347b32347f,0.0017827521
ck_1e7de58822000dea,0.00018920186
ck_cbe716f351d660d4,0.0027433033
ck_7560f1891d66f294,0.0001557667
ck_45f4c821c70d134f,0.1617902
ck_b1ff9edc51d42f97,0.00013550515
ck_114141d85256c9ff,0.00021827764
ck_d0e95b90ba86da10,0.00066541275
ck_252b0a0f1119b220,0.0001362656
ck_28dc0fdbaec00580,0.017373955
ck_650020c500b1b50d,0.00096524355
ck_e77529651c416cf7,0.0038411224
ck_f0982bbdbd122f91,0.0017832459
ck_f439f16f8693883f,0.004251487
ck_e30cb64302939f38,0.0035186668
ck_873ceb8004d3a9f7,0.0046041757
ck_db6d1c6d31da967a,0.008587085
ck_8e7a32f7e3905f4e,0.0022354661
ck_2c91f62c05685ed7,0.0019819008
ck_7f79878197340435,0.00029982039
ck_23ff85f9d2355e8d,0.0026560768
ck_b138fc249e659e60,0.0006167773
ck_b911a09f328dfd4b,0.00015571546
ck_a2858979dd5645ef,7.936825e-05
ck_f1f2c3c623553f0d,9.000446e-05
ck_30f4b2ee8abe1342,0.03073552
ck_6e8751b571ea54d1,0.009036431
ck_e901dec0e09eccbb,0.00038044102
ck_10495d3a635b8d69,0.11819897
ck_4f5d7985bcc2eda4,0.00048541976
ck_7df526b2b4410bb4,0.000772807
ck_4e1757d1347ab387,0.99876595
ck_79b8523137bb2603,0.010792369
ck_891530b489ce402b,0.0017563517
ck_41b954c7a948c060,0.001694733
ck_59a561f3df01441a,0.24212107
ck_96e4d38ef670eaff,0.006385395
ck_eef67f8dea702338,0.0060591963
ck_73e24f5a8da289b3,0.0022479317
ck_52cc2fd5095b169d,0.00074456306
ck_dbb498b1a346a402,0.00015810647
ck_f253130dc3ca5b3c,3.4420464e-05
ck_942dbf632591b65d,0.0074082683
ck_ab4a8d02ec3c0fd7,0.00012693006
ck_7f780f465c29398e,0.00049195206
ck_adf84b9df54c3d80,0.0015448697
ck_1b1df006b81d38ba,0.00043619776
ck_3be72c9c178fa00d,0.0023431713
ck_ee387f9da79e67ea,0.004982419
ck_731869a0c39cb2fe,0.0025657914
ck_f2b0e7a47f442557,0.96329117
ck_4bc42878fa180991,0.0056467527
ck_5f3609511443e5a8,0.0007642672
ck_b354003302b272ca,0.00010034761
ck_1c771a7c78f6622c,0.015990349
ck_466dc6274fecd708,0.0031557577
ck_89c74feeaffa7d09,0.001615216
ck_1ccdc69d0bb712b4,0.006582119
ck_b22e3337b8e3dbb2,0.0017958191
ck_79c7f0d29b1db1cd,0.0010712878
ck_84df6770549e43fa,2.8430504e-05
ck_3c6417a233c68c73,0.009908714
ck_f7485cba392bc294,0.54885155
ck_46bfb2cfc29a6d2e,0.004440453
ck_e4cf189a8d31649a,5.9607835e-05
ck_770475876d0e7e6a,0.00045489706
ck_c2b61a98d1c8f6dd,0.95525163
ck_8ae64df60ab6ccda,0.00204847
ck_507e40760a24d2d5,0.002011706
ck_a1e77090b1c6ccf4,0.0045322767
ck_09aadb4c41b166f1,0.019751709
ck_604c17cb97dc89be,0.011292247
ck_8d94fbb4828ef326,0.0005226678
ck_17c0a6a92b5765cf,0.00037005343
ck_ac79c72a8fe3fdef,0.006108365
ck_b8cc2df5192bc49b,0.0011437143
ck_3132857aec8485bc,0.00014126526
ck_b6cb8d6ae828eed1,0.002726901
ck_2f82ea66c4f53b33,0.046372198
ck_1de43fd6c6c22a5f,0.015087062
ck_0348cc6908f7f3af,0.00048217387
ck_6e676daa4855b58f,0.0053151385
ck_2a37fef48b44e9c8,0.0029173517
ck_bfc2a57d8fd1610c,0.92738783
ck_c1c7d4e62c9fcded,0.09492382
ck_36e72ef9273e7a95,0.0010236844
ck_ebd178b3f3a9c50c,0.0024265572
ck_c89b9ca398402f1e,0.0019450004
ck_bba413492dc46f2a,0.002699105
ck_e971faae8a10a260,0.00027099336
ck_7e6569a1b2455cb0,3.815492e-05
ck_744ffc11d32b96bc,0.0031525001
ck_435cb24538c6f77c,0.006457142
ck_411219470d0a195c,0.0021731167
ck_6f730b77dc6cdb84,0.0013336253
ck_aa4ba931dd37481d,0.0006639551
ck_aa59702537557ff1,0.0072181886
ck_c58d9151834f5bad,0.0011084266
ck_3a0e0200cbb185cb,0.0014825693
ck_c98b16f9a72a6568,0.00016901047
ck_e5cdbfcca2456652,0.00043614555
ck_ff45764ea7d6619f,0.0004264952
ck_6ec39903f765956d,0.0030849942
ck_9e17699baa83d173,0.0003462805
ck_1fc98436281ee39e,0.00025492522
ck_76ebeb5aee42f041,0.0007020018
ck_562320295fa35875,0.00043780054
ck_84c402b23766e1f2,0.002211558
ck_8d0532d24f1070d1,0.00010586619
ck_32a495128395fde5,0.00045733686
ck_f067470743d3c7a2,0.00041579313
ck_28dde633692904b0,0.007995203
ck_e61c8721e3ef1921,0.00015638565
ck_4e333c09f0c37dee,0.0019863406
ck_3d58628d1c853c8a,0.00057378394
ck_3265442528d51728,0.0013117171
ck_cb1c00c300af3f9e,0.005493113
ck_7ae86b5a885affc3,0.027886443
ck_a50370907e6b397c,0.0031490554
ck_df87d6f61a63eb21,0.0030822575
ck_85bf21aa1a00452f,0.0003968197
ck_b9f1465d803e57b2,0.038931567
ck_91c2a5fe69b9b1d1,0.0046281144
ck_f3199fbe84a28b9a,0.00040331428
ck_ec3eb6dd0967cac5,0.0014223055
ck_5124a2e415384945,0.00020375097
ck_073509af21dd7f5f,0.91306686
ck_617b65141f546a1c,0.0017139259
ck_fa4b60387d744fc5,0.0006296185
ck_98068c397d70dd3a,0.0032755611
ck_aed2681e1646a0df,0.0074110846
ck_e98429675b46272b,1.9259483e-05
ck_b25657bd16739036,0.00051619747
ck_75217ee144b715f8,0.017271332
ck_b359192aa659bdce,0.013789728
ck_82181b935360dcbc,0.99536455
ck_52c0ef68aa2fb8cf,0.0014000342
ck_06f042e9b1b662fd,0.0071317432
ck_c0b5cc3e8ad2ff44,0.0040336135
ck_368b968b5f33431e,0.0003458813
ck_6e44024e9de301c6,0.00030122887
ck_f5e02a3432571b20,0.010550231
ck_bed0c020b10afa3b,0.00083904923
ck_7e63168dda612235,0.019294687
ck_4c25570eb72711b8,0.0014995363
ck_58955542edee1adc,0.00028550814
ck_06d0e4a9189302a9,0.0024990423
ck_f1b80b821a20186d,0.004636861
ck_b5c93e6d34f8d366,9.798609e-05
ck_69587a134d43a4ad,0.05251897
ck_70a932ab39d86a24,0.0002658805
ck_96100d5e8e051e91,0.0019903744
ck_b26e4ae47c9107ed,0.8535465
ck_492e4b89c61b7b6c,0.00036770347
ck_36d78ff3bc033ee5,0.00094992144
ck_9c9884b9bcaa552e,0.09375761
ck_cfb11a0a2325bff5,0.00057352666
ck_598e036a28262aeb,0.015338319
ck_8176616132458c0f,0.0030282526
ck_4becdd3d2696c7ba,5.262828e-05
ck_7333cedb61506ead,0.00023864454
ck_a69ca7b9d70972bb,0.000104979124
ck_e032068be7b77d15,0.0022277748
ck_02ec4e06709e6b82,6.9800175e-05
ck_13cd943777651aac,0.0054046954
ck_29640fc2fe81c251,0.0016632241
ck_00d1ebc31ec4653c,0.17623225
ck_7c872c99481c1e9e,0.0006304327
ck_b1dba768dbe7affe,0.0076475274
ck_7c3a6a82f3c3241d,0.00054505735
ck_c924f36bc1bbbaa3,0.00039539745
ck_0a2b7078736b4dda,0.00046405641
ck_5b5dea6476d4e182,0.020724908
ck_f271e855925e8d6b,0.019141106
ck_97a8dac48dd62488,0.04237945
ck_63133a79f23e2627,0.027793044
ck_9b5ec0f78e160e65,0.0005271241
ck_7264486eb512d84a,0.006071068
ck_a50621b5eeca84b4,0.000108547734
ck_901d820e0b72abae,0.00055888254
ck_9d1a5cf5a3b87e48,0.000605916
ck_e291cc60920456d0,0.38933814
ck_755010362a9b1bc4,0.0030613556
ck_8285bd3c90af94f6,0.0034969389
ck_a60388296a47062c,0.0026002836
ck_d3d5b2717cfc3913,0.003019933
ck_18d214b1418be39d,0.00049626484
ck_6d64e1c07b19856e,0.00038391163
ck_0a993bc947bab61f,0.0018694549
ck_7501ebbf4e21f160,0.0004120731
ck_cba4162ef29a6d27,0.005984388
ck_26bd0f8898afc8ba,0.00042595563
ck_0a0cd7f4be606a93,0.0037764162
ck_f2c7a4c50e2ede96,0.0012419701
ck_50d0bb7edd8c69c0,0.008705189
ck_5791f8f76a629a4f,0.034508668
ck_0bf35dcf7b38f650,0.00036317247
ck_646dc03de4c31803,0.90389204
ck_d4007b5b26d9d854,0.00028925543
ck_943f66f28dd24750,0.00016774597
ck_984dd7452aee372d,0.025374325
ck_ecaa6de0aca5e9a0,0.001829219
ck_2225b555aa2a42ed,0.0056219976
ck_f11f7691af16ad07,8.363669e-05
ck_57849e15b61c43b4,0.002358984
ck_e6b95ff91116a592,0.00039407492
ck_184983177b73dea5,0.00048947835
ck_3bd12d468fdc2450,0.0004285202
ck_08c7bb0f9851cb76,0.06264779
ck_779581adb573261f,0.0010496296
ck_02d4cef6358ad3b7,0.0013722446
ck_a60a61ac829252a0,0.00027358547
ck_942b95988a6245a6,0.047784068
ck_6ea70950c1cae00b,0.85464644
ck_f823407ace7ff064,0.0065027755
ck_7c418947124dee8f,0.017946577
ck_bb0713a2a1d65982,0.00072421366
ck_a85182ad90b6f1e1,0.0002756618
ck_e267999226b6321b,5.8138656e-05
ck_4ba8bec14c2217e1,0.00022042512
ck_174be2231c5fd2b6,0.00020728692
ck_610815786d729d2f,0.0027327738
ck_e9b75ed7567a3f23,0.0010408231
ck_7c5529bcc079600b,0.001283253
ck_5d16e257c0635f7e,0.70368665
ck_c830f3830875b47a,0.0030267572
ck_2caf553b31831a50,0.00029403536
ck_90696b7182dd9129,0.0021426375
ck_38e4a74ab256e2eb,0.000649458
ck_cdcf6671b37c9c92,0.0040310323
ck_f0c18cb9f951a71e,0.0013911367
ck_d61d97b21002f3e9,0.005307642
ck_cd09375e6c81d2c4,0.0022543245
ck_a79a27767a02e31f,0.002056711
ck_0943e0f305078e34,0.99039406
ck_fe3b67041dad2dd1,0.00025150407
ck_3420f2fd520890f3,0.0002091966
ck_3e91dcc209431984,0.026417272
ck_e4d6dedd97233c07,0.0027748882
ck_19db0bf788697c2b,0.00047468164
ck_4221e07b17388fd3,0.004102508
ck_5e8e857b63966609,0.09409601
ck_c8806749e263f70b,0.00018371746
ck_233a487d31c3e631,0.99534374
ck_e2a2ce9b8cf44c63,0.010162226
ck_e6c8611c0cf233d7,0.0009813715
ck_4fecb87eaffd5cb5,0.0004223772
ck_f91d48c40337d375,0.0003617711
ck_79c30169c71b8033,0.92844546
ck_b0ed11080076e381,4.0145e-05
ck_bd2545c62f258231,0.005552681
ck_d69de468b44143ca,0.00018164345
ck_55fc62a5f89a7251,0.0015319255
ck_c16ab1e4dafb4910,0.10533237
ck_069d158665a53909,0.008511766
ck_ee4ff3aeadf912c1,0.0028104617
ck_ecb1e15f0b185ceb,0.008730314
ck_e76db7d2562f9836,0.0016153828
ck_d1d079913aa158bf,0.0010698971
ck_2cb763a881aee27f,0.00022366871
ck_19becd44f2c3d2b5,0.025263911
ck_5e20953547ba4135,0.027687453
ck_f04761b4a937ac3b,0.00044047378
ck_7d0fe77dd5ddb656,0.0026589443
ck_78f01d78ea79642f,0.0018950152
ck_ad54292a0b2f44ef,0.0029486583
ck_66bed631354de5b7,0.0008931311
ck_417090dbffb1a63c,0.0021343243
ck_d0935b571a4a3868,0.0025579822
ck_dd0e17605f970319,0.0002955632
ck_2dc31db181150e20,0.0014172912
ck_b568ba3837afb39a,0.00016980294
ck_8de69cd219d3b87f,0.80323267
ck_3d4913a86f207fee,0.026299441
ck_ee949c71f4f702eb,0.996302
ck_01645ea51972e99a,0.007506747
ck_a60c618b7f0e4252,0.00035486842
ck_3837ad850996ba60,0.001512108
ck_a524071c51ddde20,0.0007907603
ck_0af57ebaa45877a1,0.00035599206
ck_a7cf6c3b322f6b7a,0.010650601
ck_ce0ec41f96951048,0.0054117283
ck_5c3a671883d58b3f,0.00012372129
ck_7905fe8e257b0449,0.02975827
ck_da6d1e5cf6aba6fd,0.0006461728
ck_6b67fe8e310ab865,0.0019611826
ck_cbaf8a954281d4e3,0.95467573
ck_ed26d906883bea0a,0.0009071434
ck_b621b6ffcc7f4848,0.00030741494
ck_ef6f8e048ae1bd4b,0.0003390531
ck_2a09d142de1c77ff,0.0011983538
ck_c340644176ca03e7,0.004091177
ck_bea2cf7a6b7bb900,0.00026512865
ck_1f136a4476b5e775,0.0011872653
ck_3759939a0205306d,0.00041457568
ck_ee13c091bc379188,0.004974737
ck_d58e058b5c553dd5,0.0002196872
ck_396e9ea9a6c6d7d9,0.0029444038
ck_402db4184982fdf5,0.0014169309
ck_a037aff5f8128c73,0.00054778514
ck_8f6cce9f69912983,0.0038793636
ck_8758fc6622bbb7df,0.007138256
ck_6ca018259f70858f,0.00143866
ck_63379e3c9fe6f711,0.008361217
ck_5aadd286d188f5c3,0.0015681613
ck_e69d27e8965df0be,9.6910495e-05
ck_c67f7944896a0310,0.018992443
ck_565e3418d2f4061c,0.00060583925
ck_58eb871e8d7bed52,0.00860844
ck_d5f5b0dc97b9dc27,0.0076253586
ck_87abe9cd066a20fb,0.0019378582
ck_ff7e31ff8ba731e5,0.0005403728
ck_f73273e220296be8,0.008510715
ck_73f4eb09af29b1c0,0.0026467268
ck_49dd816b31fba6b6,0.85657907
ck_bdd2da300b530c5a,0.00150774
ck_8a4952de8a123ef8,0.008653262
ck_49170c4b31a20f5c,0.0003373398
ck_2b7cadbc8b180d32,0.93214905
ck_eb1006e7285184a6,0.001361979
ck_646d8d0834782d6a,0.2877783
ck_1b823610371a29c0,0.0016454534
ck_8dde670a735d1e90,0.010649305
ck_37899b1b571b1c6b,0.008312771
ck_82a8bdd2692c2a5e,0.00068795605
ck_5c67f27816ae0b6f,0.0014137061
ck_fb6e06ca88519dcd,0.0001760636
ck_f2c33d5b65b321db,0.0061790273
ck_ca1f6f01868e978f,0.009743569
ck_22bfb9246646eb41,0.91677463
ck_7cd9f39c50748ed0,0.00056213065
ck_62fd7eb46bee9210,0.0014177354
ck_c3c19d6a0720915c,0.00022983432
ck_7cd0634a6e60af83,0.0013605095
ck_2733fc6ba23ae46e,0.0016242532
ck_82f3f744209888ac,0.006844821
ck_66eb09be007f0755,0.0065104505
ck_7f8e816ca51755e3,0.89957625
ck_4185506d12cf9fa0,0.000117883
ck_2659d1d3762a2825,0.000571551
ck_df4424f6dd85080d,0.0039096577
ck_5e9e149a3b69c726,0.0026610265
ck_8288f7f226e08b89,0.0004784988
ck_a7285955e2852686,0.0019357788
ck_d099fca88691f66f,0.006953314
ck_166bd1dcbaf4d6fa,9.196696e-05
ck_fa5830d81bc8ddc1,0.0006128898
ck_18e2076397bcc211,0.0085887285
ck_f7285b92648c1c81,0.00038686328
ck_ff42557857ae3aeb,0.00010830032
ck_7956c251b85f009e,0.89608943
ck_c2d3ecd7278eba2c,0.00032428125
ck_fa00aa0f3e859904,0.003964576
ck_0063d2a9507467e5,0.0005454276
ck_26e9a7bb2061a58e,0.91273713
ck_d7607a213b800bfb,0.03336518
ck_266ce7ccf41ccc50,0.0016629273
ck_8e16a64a776afa82,0.15712552
ck_f7fc1bd0b9ab1fa4,0.0066042156
ck_a4fa8833995c716a,0.002416206
ck_ab640420858ab5c4,0.024205076
ck_5923f53b77193a58,0.0033653919
ck_d1bbfd246c0ac9d5,0.00094777794
ck_e007aedbf37d6ec7,0.00042474954
ck_9645e7adc08631b5,0.0020495446
ck_57bbb19eecb4b87c,0.0007851709
ck_96953b8945b7d403,0.005963762
ck_1078b1e155b5b640,0.0004178213
ck_ee53ce862bc9c111,0.0056758225
ck_ba6e1115fceaa067,0.0013013788
ck_78181f8e998e442f,0.00013151811
ck_016e8c8eaf9d511b,0.0040284046
ck_e2aa7be60794593d,0.008797211
ck_ae8e5dc4b725bc25,0.0007825013
ck_fc7935f784a4f249,0.0015175078
ck_05d44eb1f5f085ce,0.004497045
ck_49886ff1e2c759d6,0.013706446
ck_d87ab3261322216a,3.0780117e-05
ck_0ac9848bd4ba0c14,9.362181e-05
ck_d115ac6b9fd62a7e,0.0013269496
ck_bdcf049c1e7d0c95,0.0008030388
ck_7743c9fe037d1f9e,0.036690947
ck_37143d9cc296e6fa,0.0024570522
ck_2f138fce1171e277,0.0011715713
ck_61fa051192f3e810,0.0025637615
ck_417a3500b2c717b3,0.0038590168
ck_9473ea4a01c95f9a,0.0032577517
ck_de5eaa2cdbcb67ff,0.042270344
ck_986e4e61440506d0,0.9155957
ck_d3877e1f907cc148,0.006507395
ck_2468a7e9e68a0927,0.00025133698
ck_c3ff6790cc6d7e34,0.0018474242
ck_bd85f30c36f5998d,0.0023414465
ck_90bf017cdd37b66e,0.005206011
ck_448456f96788713b,0.017427543
ck_455672e652fe1abc,0.99651223
ck_142dba210ed2f3b5,0.00047171165
ck_895bb39d24bc1c4c,0.0006426809
ck_21ed2ea6386c5a07,0.00012119099
ck_61c74163eb36556e,0.0015643776
ck_7e2ae8b69ebd5675,0.0006447702
ck_9b71274ff83de482,0.8650247
ck_748af92828c9d288,0.0013063212
ck_6276ece8f80ea799,0.0025518879
ck_f4a6a7cadd6e0603,0.014053145
ck_33ad8d53394ba77a,0.90003633
ck_f65e5ff7da565f91,0.0014667007
ck_49969a9abc47cb69,0.0009713073
ck_f1e0a006068aff29,0.0023481795
ck_72b86e4485da2d0f,0.99857044
ck_0789ff4562202b20,0.0032746675
ck_bff090cb4ab76b9f,0.0064527383
ck_15de11438732bb05,9.441516e-05
ck_9c9287cb28950eb6,0.0017591662
ck_d11d27de7bf0b973,0.852246
ck_7f08078908599bd2,0.0076543624
ck_c1d1a625b885a975,0.0018127279
ck_2987eab34ca7805d,0.00836423
ck_c2ed04a9d218410b,0.0002004008
ck_73d3e8c6077f61e6,0.0028157132
ck_9a15fdefc47e8d11,0.0008084025
ck_f738b633b8862d18,0.00039369662
ck_56eed7041add49a1,0.02273841
ck_3fe86b6331ff95e3,0.10861078
ck_34a69b3b4a681796,0.013591743
ck_97d04a67a104af39,0.0030705521
ck_833a65b86a5d9bda,0.00061946484
ck_34dfb57e5bf31d2f,0.0037182448
ck_ba7e347251ea399b,0.0019110298
ck_31d4c0518e5f52c6,0.00093077804
ck_6f04d047d1dde75e,0.00012331812
ck_82b5b79ce3517102,0.9653072
ck_80dfa54b30f65fff,0.93590945
ck_3d7b1078e2d57c69,0.000270191
ck_dae09c4e074af5dd,0.0032323294
ck_4ceb43ccd0a81c2f,0.0010769074
ck_0cff8153881875ba,0.005630965
ck_439cf7d51ec7de0f,0.0007474016
ck_165a868bdef28ad3,0.002367847
ck_3174419a81e7caf2,0.00040835052
ck_0c3dd22587b08018,0.0056976187
ck_88774ae52e30e877,0.0022891446
ck_c24f61925dc158d5,0.018623196
ck_c543d82e22b3c8a5,0.0006124603
ck_c78c096ca8cb33ac,0.00042752648
ck_385188ab27784fe3,0.027778327
ck_9947a323bab5cacd,0.004663491
ck_86d7127391d4e01f,0.000100698635
ck_a1484e6215fac651,0.97528696
ck_d4fd0e438c97e0c7,0.0049815043
ck_ac7fe1c344190c50,0.00035701317
ck_e7a6b925c8f39a85,0.0004241687
ck_38ee42f15a573e81,0.008159856
ck_01fbafc42c8e33f5,0.00036966114
ck_d3137f0f7629040b,0.00014087032
ck_73a7794b659d7a34,0.00040193045
ck_c86520a00e50a926,0.012891545
ck_7f6fa79c7a107161,0.0009473988
ck_643abfbd7548d0c9,0.004624783
ck_1b0434f096795328,0.00019397054
ck_e527fbb9450a4581,0.95387083
ck_35bee1fc12664644,0.0500756
ck_9e21ea33018ce538,0.0026307942
ck_0b34197335ba3341,0.004037178
ck_a432b1bf1d3b3d5e,0.06540138
ck_35c93b2924900376,0.008378429
ck_6430a8792f400e0a,0.00035974092
ck_7ef666d67bc70223,0.002549064
ck_a3acf4b986afa98b,0.5325757
ck_5d1e25d7acc5af9a,0.001930884
ck_d3885e286b3b11d2,0.016706802
ck_e7f61b4a39ba98ac,0.00019418575
ck_c9690baddfc4177e,0.000543101
ck_59fae092fb0c4aa3,0.0009556204
ck_11960b5f1c7a5e2c,7.191388e-05
ck_4b9dd69946438d0b,0.0005654662
ck_a2cc3910a641a808,0.21701393
ck_018f780215ecaf38,0.0014284287
ck_baba5d66def0d770,0.22734492
ck_cb1bd7635968ed8c,0.023212066
ck_5a17c89219d1d9fe,0.0011422199
ck_3efb0e9bf25612c7,0.00032741664
ck_66f94903177f20eb,0.00058796874
ck_295565fbf77ef885,0.00033409253
ck_0fb3153d37626b75,8.5766915e-05
ck_25fc3010e8a0f6d7,0.0017741438
ck_879cc3166fe1bada,0.00016260751
ck_a5e036327d3d1862,0.0006899442
ck_1694c28f44480e98,0.004593685
ck_c6cb651149dc9a8a,0.0009779619
ck_c5b583490198672d,0.00065934495
ck_1b96d9af0d7da2d5,0.00049537444
ck_0a8029e79a5ae7ce,0.019153044
ck_c77e22834ef97005,0.8251987
ck_d8ddf5e99f7859e4,0.00058491464
ck_91742711dfdffd56,0.009451612
ck_95b894380ad2702a,0.0074454155
ck_277621473369614f,0.99872106
ck_5cb9d7b2329d5ab6,0.003998536
ck_67025c64588abd1e,0.0010549804
ck_fef850553862aaca,0.000120182194
ck_7929284327667791,0.018782325
ck_319b059bb2145586,0.0019768057
ck_c190c7b924edba75,0.03160673
ck_57b657aba4daffde,0.00513434
ck_55d7217b0aff9fa2,0.00043479935
ck_1dade5592f90a15c,0.003487863
ck_8f346b72fb40bf14,0.00022229296
ck_cfadd21458230ef7,0.0013649461
ck_793048d11fb8b328,0.053525794
ck_70b9b79ea1aacba8,0.0015282343
ck_c54c5d8e4433b0f2,0.00010555813
ck_50422466f145bfd7,0.0011848611
ck_a3564236069e3524,0.020174043
ck_ef059997563e3330,0.0011114627
ck_e14892e424180549,0.00026950947
ck_9f5f81d771146aa1,0.0001423914
ck_3a469039a5b9d963,0.00017710617
ck_63601a58a6120d8a,0.0039969776
ck_9323e6fc1e168eda,0.88224226
ck_bed8a480e27e911e,0.0013417917
ck_ddd6625c5eddad70,0.00030506492
ck_5d22e9ca1d15180b,0.8809391
ck_cf36d8b070ded782,0.0026999447
ck_fd5609bd23a1eaf8,0.0006540022
ck_1982d571cd36eb0c,0.0005126599
ck_c021495606b4735e,0.00034450274
ck_1fc03ba33edd9e67,0.0031486393
ck_67e075c982add719,0.00091470784
ck_9040edd974ef8e3f,0.6773426
ck_c3fe0c6c5e1f40f6,0.0014742545
ck_767947540b234add,0.000832112
ck_e8298ff2dc1e9d50,0.0003218858
ck_becb6e1c608e0078,0.0006429103
ck_3ce7cad1f69b71d6,0.0003308967
ck_ed0e776c0926ce67,0.028878782
ck_14f0484b3817eda5,0.0026625698
ck_e2a1068c2fa22525,0.003178881
ck_eb224c0fd146253f,0.0014149123
ck_f92e04024bf13558,0.00015261416
ck_a9161cf1ca22a6bf,0.00095361035
ck_1a46b56f4734d52e,0.00036243317
ck_cd655202db489010,0.0020005715
ck_a980b296c95153f9,0.0062441076
ck_beaacb4a783db21f,0.0033954566
ck_03009b721568ee98,0.009195766
ck_37ad3a65db673e70,0.0005141561
ck_071ddaaf2e4e3671,0.00018671632
ck_019d5891103e7da3,0.0011858152
ck_1a065ea906ae3d6a,0.0029170215
ck_6f2f0396e5b1c538,0.9905874
ck_055fb9f2e1c8c934,0.003958969
ck_6fd8c86ac719d7eb,0.010402785
ck_920bb003b42e6310,0.00015034417
ck_8beae3d7328fa41a,0.00033537636
ck_910205d25388a0ae,0.000112849775
ck_007337aa99a4891e,6.429563e-05
ck_5df6529ce8290906,0.0012287714
ck_35f8656bf93e3b3d,0.0026888894
ck_0a2f8b2f8a5b6f02,0.0024862506
ck_fab4f2f8531b4827,0.0006009658
ck_7c4e588f927c27c8,0.003323462
ck_7cdec61e1c488798,0.009219601
ck_19468fe07e26f992,0.9685989
ck_d021fd497ea35fb2,0.011811261
ck_1b52590757c0fbeb,0.00039091866
ck_074be35c951ae10a,0.0042126104
ck_38e46bc861e0165b,0.0011678621
ck_201687857ec8b3cc,0.0024101427
ck_bebea2cf3063fb24,0.0014289009
ck_dfadff70a58a9133,0.00029074764
ck_d0c9633fed57c344,0.007769331
ck_3303fd3f64632c7c,0.004644191
ck_9d4fed252718f58a,0.003334358
ck_65ad9b15979e3247,0.0011849073
ck_93892e91387f5103,0.02240021
ck_6f81c199e986d9fc,0.0006274084
ck_bbe1a2ea5a403ad8,0.3556547
ck_a89b66665714058f,0.0005819463
ck_0e9b982afc88a3a9,0.9986426
ck_f14dce41036486a3,0.99678063
ck_5d7ae0e3562e99bf,0.002056845
ck_d263b55f0a681cce,0.00067289546
ck_a443d49c2b4863b0,0.0004143564
ck_2baf214ad6bc0dbf,0.0059116995
ck_3ef7a03ebb81cfe3,0.00019844988
ck_95790440bc4bd2d0,0.0005828717
ck_841f598bbd54c83f,0.0068296
ck_a7bc323ffed2ea97,0.027649468
ck_f5100511609b92c0,0.00018604509
ck_2a07c7021b71cf65,0.0007928171
ck_44b9125526acb05d,0.0053888494
ck_c2b4a1d8c0b6c1cd,0.00039337322
ck_29c11bd68858e923,0.00034273084
ck_ace3b96c977a7560,0.81871647
ck_e3d4b6f681c783ab,0.01517861
ck_918c92182b6817cd,0.0016610024
ck_d66952b03591bdec,0.0012982814
ck_7a58e0cc9943c39a,0.00046846335
ck_cdd2ebeec75bfa69,0.942316
ck_38703b7546d35a80,0.0028827786
ck_b60fb9a10d6f4489,0.0039088205
ck_bdf837d761a7cec2,0.30625114
ck_4760216154c8cac2,0.7947733
ck_b694c803b62862b3,0.01019523
ck_d7877684c7923ec3,0.0013498315
ck_7384d4d2406aabf4,0.0009981875
ck_0c2932cc0d553694,0.0021400007
ck_bb41a66e3d90263b,0.089003794
ck_5245cbc5ff4d4fa6,0.0005482383
ck_4df2fb8e4b649e27,0.00092173397
ck_bc6f07b06aaa4ce3,0.8582247
ck_25a1ea40b2d59254,0.00013197325
ck_af65eb885a51048d,0.00022552039
ck_7a3f2961e9a8b6dc,0.00358356
ck_a9f700eee5d638df,0.0016373729
ck_5e18870d8e30e379,0.00980696
ck_e9047964952bee70,0.0011647159
ck_49c3bf13dc9471ce,0.0072918762
ck_4f63d5245b3ac1dd,0.004921614
ck_291bffc7809f896a,0.010403183
ck_9b5e7fe28208f5d1,0.0010587607
ck_8f21f2690c32c691,0.015131964
ck_729cc0b46cc2e546,0.040414847
ck_ee4d9a7449515908,0.00020595948
ck_2c629c657f73941f,0.0017136347
ck_e4df7faacdfe8c40,0.0052387076
ck_ddc865af1dd5670e,0.0015699742
ck_e52cbcd9aafd26b2,0.00029026656
ck_0ac9114076f5bf3d,0.0002705367
ck_7661d7ceaeb19f97,0.0038191609
ck_028c41b195280980,0.00074397295
ck_dcc125b178b79566,7.9580524e-05
ck_1f517e0ebf397b51,0.0022465044
ck_2c80a592fb4cd6a3,0.0010031163
ck_391639c0f13932f3,0.00012804482
ck_c36ed9f8e6792ea4,0.0013977069
ck_3689fa41748a6f6b,0.026511941
ck_555848d51f4b5f35,0.0013170921
ck_27e4de495abb4d15,0.0007063369
ck_054ed4288ee58d6e,0.0036392913
ck_1422a7bf7756294d,0.9063355
ck_27acc9f320cda104,0.0044529284
ck_9c4886c5c90ddbdc,0.0006215246
ck_5efbea1befdefe1b,0.0951694
ck_2f9fa0d61829f815,0.00020356958
ck_798ba4b8aa544fea,0.00049127423
ck_54e581f71be5430d,0.00030448294
ck_5b82c774df10d49b,0.0005152514
ck_01d840cffb870615,0.5797964
ck_3a8ce1cc724229b8,8.742335e-05
ck_8f43459991ea511f,0.0005707298
ck_f878b68d66fbfd4b,0.00092395494
ck_e84abfc0c747c9dd,0.9787325
ck_083e4ac78685c3bb,0.0010781008
ck_fd242b18575e3063,0.010535119
ck_b150fe4efb449b05,0.00024285259
ck_5e84bca0e362da20,0.0029691164
ck_95188150ff059c70,0.00919339
ck_c20638a325ead2e4,0.0001700197
ck_dfd3dbd0d97a642b,0.000530144
ck_5fdf8a0bdbd3ed62,0.004142652
ck_d6df562a79b9d0d9,0.00050780014
ck_28c53b214b2ee882,0.0064996555
ck_aa2b4c662ff213b6,0.0021390428
ck_5a6593d954085775,0.0016296618
ck_558cfe5f77a55a9d,0.00029367366
ck_c7ae1d4b3ab38185,0.0007986835
ck_0fd826fad7ec7cd6,0.02375063
ck_ad6d48c20a3688a7,0.0003677355
ck_123c15d93f1840f2,0.030010682
ck_a75ece9a9044eed0,0.0009026385
ck_403da2a2d800df9f,0.02671786
ck_7fd8b1470401695f,0.23648661
ck_cfb06f07394dfe64,0.00024408383
ck_aa01d5aafde73d0a,0.00022550147
ck_dcf851e7bb5855d0,0.00013566171
ck_2fa8f2577116e9ca,0.0034031977
ck_57deb202d4188a29,0.009789541
ck_a95afc7a00303a26,0.004424816
ck_1f871df76c6a995b,0.07599661
ck_1a6b30320835e57e,0.0040921043
ck_73c5371635aca173,0.8103241
ck_1a9235812de4b2c1,0.0013970535
ck_ec26e327cc1848b2,0.0003115655
ck_0742fe64055d686f,0.00020562374
ck_076cbc25c8f15fc3,0.91245323
ck_ada46085a78280e4,0.000385073
ck_0aaaa9d2f75a0518,0.00084762106
ck_4ff6fc70bccfba96,0.9238252
ck_a6fc92aa91e99b77,0.94990313
ck_6031211ff118cf0f,0.00022542969
ck_920a48ba8c583e96,1.9838984e-05
ck_098167eaf124c279,0.004237857
ck_91a0ca45f429568d,0.0034510856
ck_e077d004cd1d80ae,0.001405496
ck_20a7d1ce6cc27312,0.00023766495
ck_8d27ff8383d48132,0.001014875
ck_c47e32c47f0e6578,0.058108557
ck_9d7151dbdf100e0e,0.0006899856
ck_5dd80b3c01457bd8,0.0024406395
ck_8594f165e95316d2,0.0012445451
ck_a58e900469dfc3f0,0.00059142086
ck_f5178a658225d8e4,0.0001824654
ck_f5dde68f6f0468e1,0.00024320897
ck_a8a2e296f9804bd7,0.00031617846
ck_463937167965a1f8,0.0019008216
ck_12a074db100481cf,0.042517748
ck_88e3dd3039508332,0.011061326
ck_9cdfaa1c30cc9d32,0.000112357455
ck_4e0e80f5cc271bf7,0.0002809169
ck_af69bfcf4f07d932,0.0018567726
ck_5a4d19f1b83feeb8,0.0013705231
ck_eaec5f1a83b66eb0,0.6799211
ck_2c4be237a7ed79c7,0.00022132858
ck_e16528edc694fb33,0.98718226
ck_3c177f5970b68bd3,0.0015732889
ck_ad7c256ea10c4a00,0.013686677
ck_012519bb095ad36b,0.99689263
ck_0ed2739384f1d644,0.00092974014
ck_48446a9e8184c7d4,0.00087275746
ck_31e1ede23247d56b,0.0051648077
ck_40052cac10562cde,0.017124737
ck_3267fe3aac05c71e,0.0005897861
ck_c3db1b3ad4f16679,0.0014949185
ck_1b74b798eebeabdc,0.00034556535
ck_510e7c5df1f95d90,0.9994785
ck_948517bad569b40f,0.006768555
ck_b16a7c51b6f7a6b1,0.0133315
ck_b53ea8713d32ca7c,0.001615866
ck_11bf1039f8b3025b,0.001355678
ck_4b088920f3a844c1,0.00138141
ck_c2015a1200971fe9,0.005758431
ck_f5a32e6160b28379,0.00065607636
ck_b0b5bf9254700402,0.004758613
ck_eeca179341d56f8a,0.9154293
ck_d94dfde9e03c9d1a,0.0044978335
ck_938ce30c864bc7df,6.657556e-05
ck_66d38518f68e6194,8.248237e-05
ck_115d86fabde77b65,0.000106455154
ck_9e109edd124492a5,0.00070069206
ck_f29471fe7c818d6a,0.00092458463
ck_a27bc31eecd9cb9a,0.00096919504
ck_ed4427962c68918c,0.99490863
ck_7b55d9bb1a250d4f,0.01178451
ck_461e3f7b97db8d16,0.0043809703
ck_2ee84f3fa27f2cb8,4.1437463e-05
ck_bdee7c86f5ebe81f,0.003366654
ck_719602def4d35fe0,0.0013170431
ck_87c26b2f41025109,0.9968927
ck_c7baebe4549fdbb4,0.01643795
ck_6f847263379f2e43,0.018201273
ck_95391029a21caa24,0.0033633597
ck_97402a153348e68f,0.00026232583
ck_f1acf73363925958,0.0012988441
ck_041614694b77e599,0.0003185041
ck_a7b57882ab66b111,0.00021523674
ck_71a0d645744302a3,0.0013520495
ck_bfc453eabb472f91,0.00050907716
ck_c33a762d98f9b290,0.0013600781
ck_9e75c6641939f4fc,0.003713791
ck_d17653a4a2d4a79e,0.0030383149
ck_df20cc23b8fb8e22,0.004517699
ck_62720b81617896cc,0.00026165516
ck_d6d2c1f6dfc455b6,0.12173829
ck_a0b4209feb31f5c0,0.9994773
ck_779cc0f2de4d5488,0.023920884
ck_3152c7115257f084,0.0015438322
ck_a28d6b1601b472a6,0.00037375305
ck_761989aa4c47d746,0.002197963
ck_97e3b04a1350f6e4,0.008997135
ck_397d5fcc9972f909,0.0031282487
ck_bae8dae7cfd8baba,0.0011695598
ck_04e32ee9834c088d,0.4990497
ck_bba0ccc6cd968680,0.003261831
ck_1b34c420a4c85a95,0.0011542503
ck_a1201284122c141f,0.00024000496
ck_5ac335f02280271e,0.0021070202
ck_dd882323474431d4,0.010735699
ck_f9604adde929beff,0.00021461089
ck_44211dc210139ed3,0.001519912
ck_e5e5dc431bed6f9d,0.00088572636
ck_17d3022ca12eacd7,0.0014084855
ck_209f574c8d92274e,0.0005727922
ck_9fcde1ff46cbbea5,9.0674504e-05
ck_58fd684aa5a6f289,0.000112264934
ck_e96a5e1f08f8a867,0.00040107366
ck_90456160115f9ef4,0.00046113704
ck_70a60e095e9b706f,0.00015271023
ck_2d46291975f0dd08,0.00020592198
ck_f2734417c0db4ee3,3.1285188e-05
ck_651e076ee43aea85,0.0012579077
ck_74d602c907ee9119,5.811587e-05
ck_4c99a6eadea143e2,0.037761614
ck_8395f004cf4d4c08,0.0007321729
ck_3938e92585df2b34,0.0017278681
ck_bc32655ee5ed643e,0.0010770956
ck_ced9163ea85589ea,0.76928806
ck_9111e3a04b14dfba,0.0012828117
ck_791be3378dd7d64c,0.0012394979
ck_7cb0c9ded4d63027,0.0010012162
ck_0db62d5f7f75f80f,0.0033051495
ck_1723900ab9afe374,0.010402741
ck_54459b45d2be8459,1.8998058e-05
ck_a0543e9b3abe1001,0.0121334
ck_08dba09fd7dab896,0.0013875148
ck_b9eaf03453ac7d5f,0.00013273908
ck_298922703c5bbe05,0.008023269
ck_e662b14b2bab23a2,0.003318497
ck_4a691892d9d6cf89,0.0010686641
ck_056d5f0301c30902,0.031030802
ck_7cdce37d895eefb8,0.0012101987
ck_c0b8067c144ed6c1,0.0017099181
ck_856ea65fa27d06dd,0.006071223
ck_55d0c7012d7ef236,0.0027965805
ck_9bedf54df9418e4a,0.00018924063
ck_00f9ca84d1d8ae7a,0.0006452122
ck_420d1a9c604293ce,0.0012686
ck_9874ad160efddf50,0.00014844956
ck_f4f6f0caaab70040,0.00035506676
ck_a26704b5b26258b7,0.0009525066
ck_edccb5a93b741744,0.00041269817
ck_a5f7b6fed6df2aba,0.043763805
ck_ced6b6dcdc7c201a,0.0005766401
ck_77549c1a41f837c3,0.0025505098
ck_aa5f3ab48c17fed8,0.022315977
ck_2a5a4c18c2c7274b,0.0009708525
ck_e05d44e46c7174e6,0.0008525796
ck_0084d8ab6b1044f3,0.0016739537
ck_42633573639a3f02,0.9985128
ck_0fc1086e1c9e04b6,0.0008683884
ck_0e6bebf8ae9b9b03,0.00030216138
ck_f158d9e5f101bb35,0.0063298964
ck_e107537a4cb738f4,3.378597e-05
ck_ce1b06623e4a815e,0.00013098607
ck_2f4f94827984c426,0.00011501484
ck_e8ea56e122a5a487,0.007892955
ck_2d7394afd61643d0,0.0011524084
ck_8dacf3a2061ca17d,0.0017521055
ck_315fb710a0e371e7,7.8638455e-05
ck_cdd7c77823c2257f,0.008911796
ck_e9287b6d909d731f,2.5707925e-05
ck_d12d2924d0f7a64a,0.0028564145
ck_0dda35c0c64c7073,0.9980094
ck_d1ed88ea4211ba4d,0.00024144932
ck_2103399bdb2898a6,0.0006863258
ck_1a524b5cc8da71b3,0.031061184
ck_58e5359efc52e0ad,0.0010271339
ck_3caec7dd6f8d02c9,0.0033234719
ck_3eb73e56751c704d,0.012371118
ck_37d47cf0f34574a2,0.00037598948
ck_66d0c6d6b67a8d58,0.01449381
ck_98149ed45d38c4d3,0.0032192112
ck_00480407160e0743,0.0002963572
ck_d1ea4bcc407c7d5e,0.0012158615
ck_ac2f7397801036ef,0.003997346
ck_799aaf9f2b9ef621,0.00019603867
ck_93c4e05699b3b7d0,0.00044347625
ck_66accecabf3901c0,0.0041345297
ck_f0c4aac04076a6dc,0.001715058
ck_e3cb5f31d8e94448,0.99642986
ck_e541967c681cb929,0.00542133
ck_8aec3d3dd51517c2,0.0006572818
ck_23edb6d938a3b87b,0.00031060606
ck_740e760fdcd27835,0.0022662824
ck_fc40a16adfced018,0.0012178993
ck_7f0cd6ea3096f985,0.00026293733
ck_347386629d96c664,0.0029188693
ck_2366b29ed9887a5e,0.00040454144
ck_187317383400491d,0.0021973513
ck_dcbab304b55a42c7,0.005187707
ck_ddcac1ab765ff61a,0.0032006907
ck_f39cfeb277ef6528,0.0003162801
ck_d69455220b21dc9b,0.0023301535
ck_b4703ee97f94d7fb,0.00025221126
ck_0e0bab173622db9b,0.040080056
ck_d6fe761ed0db3270,0.0014075803
ck_590716322ff147ae,0.0029645788
ck_494954023f0eb309,0.0038528682
ck_95e444a01e2ab4a5,0.0016514481
ck_0f909705e2e60f2f,0.0012506304
ck_6d03a542922b2ae8,0.0005783119
ck_b0ef193195a2138b,0.00039534486
ck_7b1660e942436e12,0.00090535294
ck_50ede3eb561a202c,0.000527786
ck_4c4a939154446053,0.00038832426
ck_504a45ee08db72b6,0.0002913184
ck_f143641bf3dd0414,0.0037590673
ck_b7bd3a7f263f4f29,0.0018121196
ck_bd23cf9bba1dd33f,0.0018185334
ck_e5f5cb7dd6ce4a37,0.002567714
ck_1658429acd5306ba,0.00087897823
ck_db1fa53d588bf99e,0.0001423094
ck_edcfa9e1cf29d813,0.0023473084
ck_b7c37d410b1646c2,0.0016389443
ck_73cab88b29c7845d,0.115313746
ck_f42a43e4c3f34ccd,0.00039549283
ck_0d0a1a021efea5b6,0.0030135007
ck_f8f6a03613b6dda8,0.0002073482
ck_60557f077abc42ca,0.113116376
ck_d75f25184ece2b51,0.0007907336
ck_bb1a981306b750ac,0.012731186
ck_7e561caa5fa1f3f1,0.0077646347
ck_e424148c6f2223df,0.00046521286
ck_4937cfa6526ea138,0.0017872645
ck_a72d6df666e1c21c,0.00079100335
ck_245f5d62ead5ef28,0.0038293682
ck_059806c52cebe4f1,0.016186347
ck_547090bf35a3b243,0.00032000037
ck_19988702ccd79201,0.0042962376
ck_90b4ac695b9c6bf7,0.0006115874
ck_66267bbad1f1415f,0.9982493
ck_ff6a6d3547dd2d37,0.002146129
ck_03129b41457795d2,0.0020415792
ck_a892252e4e0c2828,0.0011425883
ck_b3905153b9eee924,0.0047053033
ck_e934f984bad2ff91,0.9035107
ck_8d2afe17c0082e6a,0.011338995
ck_ea9edf9c107d429f,0.0013783075
ck_61fff5fdaadd394b,0.00094996527
ck_3edaa94d28cd48ea,0.012054467
ck_f66f06e24ff32671,0.00077804894
ck_7cf562578c7f158a,0.00016926414
ck_66949171b387bb93,0.0043043797
ck_87d70f5fe48a6128,0.046262965
ck_3ad3fd3cceb56b66,0.80712885
ck_d229dfa0e4442628,0.0007405691
ck_4732da7e0d2dfc7c,0.00049234094
ck_2209de229b4c71c5,0.00056069635
ck_4ed711fe4053e74d,0.0015126042
ck_c78b2638fadd91ab,0.0026383987
ck_8bb6b0a292754576,0.07425766
ck_0b615ed566da1f58,0.00982081
ck_d2b3ce1ebabe9f93,0.0010699063
ck_d3b2b250da61db19,0.9769348
ck_4ffe0366df388604,0.00045986733
ck_d2d4a8f4a9f2c33f,0.0002799952
ck_b378b8d8100ee4b1,0.00295718
ck_20a17e8f206a14c8,0.0049457843
ck_9ed53de6ef779ae0,0.0011596881
ck_3f16e2cd7e6874cc,0.0015214803
ck_ef33c04f4c9e3758,0.0152025
ck_8fd91a3c99e19097,0.20821309
ck_0c6e7bd357e4a348,0.0005874184
ck_95654593cdebd141,0.00044921265
ck_9822f8ed05335741,0.005120179
ck_11c7667920541587,0.00021553718
ck_ec3715add8bbb6e9,0.00019121934
ck_f09f9d0e0886e0c6,0.0008950291
ck_12107dacc6d05bd1,9.066327e-05
ck_23a016cf6b98d89c,0.005462828
ck_0e719b3a6906b8f1,3.805775e-05
ck_7137eeb394d200f1,0.0038598327
ck_8026e017909aaa6c,0.0002467153
ck_ce36b0c287bd198e,0.014256307
ck_926b81c0ba528eee,0.018773012
ck_6b93bd8abf87b1d6,0.9928888
ck_73762038c7ff2f6f,0.00017600048
ck_abd10fbcbaf2b038,0.0036121737
ck_7ebc5fa7f0d3b8f2,0.0009227
ck_fe33eb743d714c03,0.0019857509
ck_17cc7b411f448e66,0.013904942
ck_5debd55f361b2ddf,0.00081838074
ck_350bf14e90b503f5,0.0002582875
ck_469c17407d17b706,0.0014116492
ck_004de16f7d8a42ae,0.00049221236
ck_27fd85b1e38b675a,0.00060290005
ck_05f79ddd8eefaa56,0.0038122823
ck_3a57a13ce032a6fe,0.0004511199
ck_c965fd6bec0f0ecd,0.004273953
ck_a721f0d635fad68a,0.00020454319
ck_c29489366c01fe65,0.99068004
ck_781b8288e54ba8f8,0.009173796
ck_c9eb4df91ff07f2c,0.0101080295
ck_8a5a57858e8c77f3,0.00381876
ck_76d010aa02eb477a,6.367169e-05
ck_7a50abd42298133b,0.0004071246
ck_1d2b80ab6c4944b9,0.0005169141
ck_4e39e3b165edab58,0.3935816
ck_e0ccfa0d689339be,0.00036138482
ck_89790ff26c844bc6,0.0036758904
ck_94e8142728e44380,0.0016019334
ck_e3a22799716df39d,0.0014068921
ck_5217b55593a332ca,0.012247365
ck_c1c9d3842d758420,0.01618458
ck_dd34f0a844fb115d,0.01898935
ck_24cd0d779e866287,0.00033366983
ck_59f46321ecf6d306,0.00017036308
ck_e7c212f16d6df272,0.0005923152
ck_c69ef0f3e7d6acf9,0.027514918
ck_6c1dbee7e8fdd5c8,0.0063735195
ck_2ad0ecbacd5acf8e,0.95484215
ck_d67d9dfb60b286b9,0.0003491562
ck_b35d803568f82d9a,0.00058689935
ck_af39767cf583905b,0.005592597
ck_4450b55f462ae134,0.00024749088
ck_545b71eb4fa594b5,0.00015732837
ck_c0422e638a9c6046,0.00088199094
ck_cd7dcc884e283746,0.0071901996
ck_d6ea026357ec6477,0.0006643634
ck_e30e17db5473c7b2,0.002935877
ck_5567779d6ba184eb,0.0013922289
ck_fca2798914627dc8,0.0041387766
ck_fff9fdc2adf5100b,0.9628819
ck_0c45e54897ab34e2,0.0022647746
ck_507a6a580ab55c76,0.00074386946
ck_332ad134fb909869,0.0008245728
ck_ca60d61cd4dc3bea,0.00014663767
ck_59735f4ab2ad3da5,0.0066109286
ck_ab9ea095a5c58b4b,0.0013176334
ck_ca0cc8ea9f344408,0.00038537564
ck_8e139f8925ef7968,0.00041312742
ck_9dfb2ae78659240a,0.0033552449
ck_90f6f5ced708aa75,0.00011618117
ck_4280c33af57eb4f4,0.00073138595
ck_5ac86682385c86b8,0.0017739919
ck_1bfa8abdb22be8f0,0.0022066517
ck_65491367584c730c,0.0021621182
ck_3d7db96995745472,0.003282387
ck_a1c39df50a5873b3,0.00088580407
ck_ff7c26a62bda8089,0.00043929945
ck_09b0d8af304646bd,0.00012011678
ck_3c25029e40aa8a84,0.00016144864
ck_765aaf42c5088545,0.0019111789
ck_e0f845159b6e6a4a,0.00033388077
ck_272ae2179bbd8e58,0.00025778808
ck_c0ce85fb4109567d,0.001255283
ck_515379973a8044b8,0.00078984303
ck_b5c3075c811a2216,0.006788903
ck_713159c5c6a7a4d0,0.9991115
ck_5b3ba20c8bb1383b,0.0007400721
ck_67cdcdda3033842d,0.0015502705
ck_647ac26c5900f082,0.0013403007
ck_46d51648c1bf80e5,0.043196812
ck_40b4e264d1a12b83,0.96529305
ck_620d7ae27af83cea,0.0022736
ck_b9e5b318ee4de68d,0.00065486354
ck_cd691e3466fb3742,0.001918873
ck_7190177963eafdd9,0.0004815331
ck_362ce13eec1e33a0,0.0018187898
ck_646e270e0195bf05,0.00052938005
ck_472e0be7a3b533bb,0.0042727217
ck_0dae4a7eb587f3ba,0.0005763763
ck_e6e7257377c37b28,0.12931857
ck_b7f5d10b427346ad,0.00030148574
ck_3365a0ad1a8aa83c,0.00059011707
ck_7a43ef9c7b1c67b5,0.00033752527
ck_7456df89f3792235,0.0021736876
ck_5014a3b07e1f049f,0.9906097
ck_9b12fb56529ebc4e,0.00045769423
ck_002eb6552b504ea1,0.0012736626
ck_170f4688e0acd875,0.021446591
ck_ccc83cf66365357b,0.012092613
ck_4719112b55d20161,0.0013520012
ck_a02aeec1914c158a,0.0025746147
ck_ad4a4daa826ac68b,0.004244952
ck_0d40961e47797027,0.00042611014
ck_114c32aad4b6183f,0.0016715705
ck_6ee939b7f396975f,0.0002212923
ck_202f0c14b07ace01,0.014235301
ck_09fd43f1b7e2eca2,0.00024642496
ck_189b6fbe9b9192e7,0.00064472045
ck_1383b2b1875000f2,0.003227983
ck_00bd7803f2530c68,0.0017610464
ck_4085cd3bf2661518,0.00026715736
ck_79323eb5d2e5efae,0.0002456593
ck_7d1661a34164406e,0.9401045
ck_ec30b61cbf517db8,0.00018470881
ck_ef346071f0b7654b,0.0019116557
ck_4c2f2eb657c2c60e,0.00046654802
ck_832d39c590a3ca75,0.96303624
ck_7cc5e0fa3ca5a713,0.00093294214
ck_08b4619490e751a8,0.89335215
ck_e0b3158111370118,0.0023955796
ck_2685f38930866af0,0.0012970695
ck_cd6fbd4e8724f994,0.0005253189
ck_33160c443d4b3f19,0.004216611
ck_2a2c336a69b8d68d,0.018384317
ck_805ee564bd35ef15,0.006340051
ck_08a0355d1f1890ef,0.0014304107
ck_15fe2a47fa7e92ea,0.00032234
ck_85ca825f905a34a1,0.001975809
ck_b6527a85fd682554,0.052561592
ck_9dfaca4c7c80b10d,0.213231
ck_ffb4d892c5158201,0.0012884204
ck_a544e766540861fc,0.0781427
ck_354909fecf5da8cf,0.0006973104
ck_fc5ea49518e5d637,0.00030169016
ck_7c12de74de30b788,0.2507967
ck_7f9a748110d70005,0.0016504476
ck_732f725747393ec8,0.0016802968
ck_2452a30397dfc54c,0.000983032
ck_08fb463e69f647c8,0.9977544
ck_49df70f908dfd069,0.016754746
ck_7af748a23775bd54,0.075376585
ck_5010ffb1c94187b5,0.0009324561
ck_68250033717cd59e,0.001251759
ck_83dde7da2bf647ac,0.000116897274
ck_8bbb625384edebd7,0.00048510425
ck_5eaeb87bf6207406,0.97570795
ck_0a7adc2f27f98510,0.18746297
ck_c3719a30414bbb4d,0.010467985
ck_580f136ced341298,0.0004318241
ck_70d69e5d1bb99e85,0.0018253772
ck_c3476080516db25d,0.005394989
ck_d4e0b2a12fcfc35e,0.0012473293
ck_2ca91214c357c072,0.02587177
ck_c3ba7534cefc1de8,0.0003205335
ck_e967ff05514b697b,0.008096633
ck_2d3d7d64a6f443f8,0.0007509531
ck_9ccc030ba2de9fb2,0.001156653
ck_387e5a7f163c7837,0.0010351377
ck_d51df5e9fbbbcc94,0.003076158
ck_15254db133b28371,0.0005207654
ck_5ac959cbcc5e98f3,0.0010973236
ck_619842688294dabc,0.001843369
ck_179ed66cdfc1ce27,0.000898854
ck_3a70b4ee59084715,0.0019606806
ck_c1dd3feb9a0b6471,0.0007525589
ck_235ce9603c7dccbf,0.021542303
ck_edf1096809e83ef8,0.00063248706
ck_83c2c34add971d76,0.0010786898
ck_0a4e191cd0a57ce1,0.0006910935
ck_472c81a144f4631b,0.00069846265
ck_81818169208a8cda,0.0014297453
ck_06aee5a62a67a84c,0.011692188
ck_754cd7b4a5ae3f94,0.009331963
ck_3428910b44b9d08f,0.054804202
ck_a9d2bb4f2bde7052,0.00021440392
ck_6482ed4491bedcaf,0.0012834222
ck_966d4d713cbc7792,0.0006413761
ck_1c8c969667cbaab2,0.96833336
ck_94295287a04c85d2,0.7859599
ck_466103ec5bd9444b,0.000871643
ck_3c0031d7514da17b,0.0033820567
ck_9757163e25262b74,0.011242493
ck_c8ad3f01319c065e,0.0023057745
ck_d35e3aa9ef5d405e,0.06786198
ck_3397c7856b4669a5,0.00013953785
ck_1745847cd4e5dc83,0.0052582524
ck_4b84357ae8ec7777,0.00041375586
ck_bd771efb4a7e15d0,0.002019039
ck_764d40f865e710af,0.00046622258
ck_021c6a4a7e3f1f0e,0.00011369291
ck_123d75ffb75b606d,0.0016592591
ck_b48cd8593533fc1d,0.6080385
ck_c7b17f7b24bef5d7,0.0010803739
ck_b11e22e75d9b99de,7.3137155e-05
ck_c7550723b90e5615,0.0002486944
ck_4dfd8947f540eb24,0.0011163385
ck_731943c682c9394e,0.0017915333
ck_7db098a17374bbf8,0.9788664
ck_7f3132d6be389657,0.029984975
ck_95458880a54df0b1,0.046657134
ck_4c6ea04ce8ca9e2c,0.0002431772
ck_8777beb11aabd66d,0.0014100624
ck_60c3d8306527a08d,0.00044161483
ck_cf8ecabbc61d3e11,0.00041050598
ck_5189a302cfa7cefd,5.8738733e-05
ck_77f293d44b4a3d2e,0.002669058
ck_bed50fc64fbbf8ec,0.00050312665
ck_929bcae878a3ecb3,0.46879572
ck_f7c6c26ef3c4ae06,0.0014431813
ck_59a9e000fa275e1f,0.004430001
ck_3ed9e081959b2f5c,0.0035492259
ck_57f17254e2688637,0.0038641177
ck_52dec82e9cf6135a,0.0023038336
ck_d91ab840848a54fc,0.0005774929
ck_c886adec7bac250a,0.0012918438
ck_63d4f5076fe4406e,0.000111625086
ck_ac0ea27e692acdc9,0.0030435927
ck_ba845332b730b596,0.00036571393
ck_7e9a8924eab779e6,0.9928169
ck_38abb60995114f8f,0.004251544
ck_323b9cc5c49f8ea0,0.100611106
ck_c530235393360e3b,0.001352519
ck_1355db6f4010232a,0.00032607187
ck_1cec1ed1512a2d3d,0.00010152871
ck_5c0fe988b8aa7fcb,0.015691007
ck_79e202f06d8dfe42,0.056085195
ck_e137400825a1e3e6,0.0008237832
ck_fefc49a2b8ad993e,0.0029828402
ck_7510b1023cd08531,0.0010144995
ck_b95fbf2b5640aa82,0.0017270056
ck_f4536ba8dd2d551d,0.0007540495
ck_9dde2c63acda3ba3,0.000387769
ck_59472d17debedafc,0.0027920762
ck_b0fa8b84e94d8ae0,0.0010791657
ck_5b52ee0a13c71590,0.0013214672
ck_ad3c4be96599554a,0.00014252085
ck_458531c22ec2f9b3,0.0048097367
ck_b379c198d6db2d62,0.012759152
ck_ed9c56fdb9f45ddc,0.045065913
ck_b3ab3c210e2c7c19,0.0017529397
ck_98b34f2d704c1c2a,0.0044120545
ck_6def9d0429e4ed4b,0.0026938606
ck_ac68d707006c12a8,0.0073075187
ck_829cbf5ccda481ae,7.711036e-05
ck_43ea894480567274,0.009068979
ck_5e36042cfad96c99,0.9746587
ck_891eaedae139828e,0.0005942256
ck_68ba25dc3385fea1,0.0046126014
ck_4a522ca2dc4831a0,4.431444e-05
ck_a152165caf295b51,0.0024729902
ck_31c54d540b128843,0.00058939273
ck_cc447fcc24a0772b,0.35978687
ck_8a16eb584093b12f,0.00037538368
ck_259271c70f3fbcbe,0.0026952266
ck_bd86132499defcd0,0.00041692768
ck_7a4e3d553e8ab5b7,0.06196724
ck_8ee08f6777cc155b,0.0011044539
ck_604c710141327a81,0.00026334703
ck_3f1287e6c27de0dc,0.0013441592
ck_ae91b4cff57fb3bf,0.0008212039
ck_8d5fa65717d2e0c6,0.006887413
ck_c0b744eb9e7d4eb7,0.0021010682
ck_90114c891239d821,0.00026367765
ck_85de63d278f0fbae,0.00034164547
ck_3d41faeb96802f68,8.0039754e-05
ck_2cd21137a07fdd7d,0.0005247834
ck_168e7ea341a36b80,0.00081289123
ck_db23a0e3e54be60c,0.8660042
ck_a958b2461ffc21a2,0.014304849
ck_0b3c3bea0e0ed339,0.0007470303
ck_be5df076b8a86409,0.0005097715
ck_2d1548f1ee405cc9,0.0020573481
ck_7176bbc97b1e42a1,0.00024769368
ck_ad9e2088a33c8c72,8.6012216e-05
ck_324b9939d9c1c31e,0.0010797854
ck_dfc8f5c141fd7c63,0.008982826
ck_16fc77b2bcf5ec03,0.99602365
ck_4f521611ae14ae66,0.00046859085
ck_a7fcf7b592f68ca1,0.0012981942
ck_8311cb6755b2016c,2.0718891e-05
ck_724085c3452d4693,0.018312749
ck_a0db4ccca08030c3,0.45738727
ck_de39c1947fb675ee,0.005491899
ck_96a9221a87be93c3,0.0098295035
ck_98217aeafa0bfefd,0.0010824337
ck_f4a7ac178fd55f0e,0.0001317688
ck_5d818522cbfe2a54,0.0063066683
ck_874eca6776b34dec,0.00017416911
ck_7262b4e0c29c942d,0.004371257
ck_20cd2f5666719baa,0.00019265595
ck_d7ad9921a4d25926,0.00049377134
ck_d56ee1654378ffc7,0.00072784926
ck_2c7667f64edec2b5,0.00023156563
ck_78730527f8ba1438,0.055346403
ck_794ba5921cef50c9,0.13838665
ck_b8cdd6d6dccc4554,0.00026389747
ck_12cbb211ebd2b437,0.0028816494
ck_85cb5033fca7c846,0.0033674238
ck_1e51199a075ca0fa,0.0003396523
ck_e0f3ea3373dfc4aa,0.0015093611
ck_40799e129fcf42c5,0.05418112
ck_5d4ed73b9efd7d11,0.00076788163
ck_243b1b9fdd3f9a74,5.2906853e-05
ck_9d64187c0800f84e,0.00060025457
ck_01eb24c18ad11fca,0.008767797
ck_a0e46b67e986ab56,0.0042304043
ck_cff18e2d8c520272,0.0006506156
ck_6a27c44b691dbfac,0.0008492221
ck_e6ffd0754ac08661,0.00027957454
ck_a7acd5b015823793,0.0063478695
ck_c3f360c2d0ea0a37,0.001191141
ck_38da3bf629458682,0.00069671887
ck_9a0b605e9c3220c4,0.0021932975
ck_e980d325b8dbb8dd,0.00057472975
ck_75b69034000ca7bb,0.02469432
ck_d451d24c780b5884,0.0007472603
ck_2e824b0b27494a17,0.011398694
ck_23caafc2cd34242c,0.00034425932
ck_ffe2aa26f597e552,0.000828516
ck_eed7f1f7548df15b,0.0005510306
ck_eeb75f8a6439f65e,0.0044958373
ck_2e481d75d110c06d,0.1761119
ck_192579ecdca7ff83,0.0010833952
ck_869b1878d09d230d,0.093014225
ck_323a71f9452d21cb,0.988057
ck_5e68ea2c5e893cf0,0.0052949334
ck_be52a7ec43241ba4,0.0020793423
ck_77b56c49cfdb1d81,0.05108337
ck_15e0b679931f7a8d,0.0012271514
ck_93776b0c113f41f0,0.005115971
ck_1f2760764afa45e8,0.0005423191
ck_3fa1a523d77cd619,0.0031606292
ck_0e13c4f73818149b,0.00045632763
ck_59be61b53d971611,0.0013566279
ck_87eb43e3b9d96169,0.016799582
ck_9b7167da0920c37b,0.011018615
ck_6cd8e0196365c474,0.005285158
ck_9951bd806c13c7fd,0.00409578
ck_c6d2e11a368184e6,7.678083e-05
ck_c646cdead6fb79d0,0.0012038128
ck_abaf371ec8249c4a,0.03370566
ck_ccb3767c239018c1,0.00024272736
ck_e5d1462846154a75,0.0019730653
ck_939fede90473e412,3.1368298e-05
ck_bc89644ae3688995,0.00016458218
ck_71c917295020ccc7,0.0011857976
ck_1d58f6caaa4d012c,0.00049896614
ck_609c249edd88c565,0.0014296958
ck_b1496c474c4a3239,0.00030687495
ck_00a07fc2a9183c3a,0.00023515803
ck_2122f201e65f76ee,0.00093790155
ck_a5051eafe8b51224,0.0007154015
ck_129e39ddfde92eeb,0.00072434376
ck_102db9615e722c9e,0.008920076
ck_b6a2bdb2d335e1d0,0.99797064
ck_c4cca8278bdad9b9,0.0003923609
ck_212525e2828a6c45,0.001366056
ck_84ad096a46e1a960,0.004570507
ck_1294f7af22fade11,0.012904531
ck_0d33977c3de8cfaf,0.9985354
ck_5c47b49c26cce286,0.0022168262
ck_f558fe02bb0219b8,0.00017391685
ck_c09c914e416edd08,0.001006146
ck_f8b3cdffef535330,0.07397691
ck_46a8db16ad00b749,0.0061629405
ck_310f73940fc4cf4f,0.010060957
ck_3d7fa32dfb9fc692,0.0023945814
ck_fe8e5a6c880ceb4e,0.00025235605
ck_7176d12b18f2cc0e,0.002659387
ck_61d244b2cde483af,0.0018234435
ck_3865b7525b910893,0.0017528187
ck_efd7b9e22c6317d6,0.0012033094
ck_5e418a7c04437b4a,0.0019639034
ck_2db3fb565e0211ee,0.00032989975
ck_1071d14c46c92379,0.96045893
ck_1d7cd5dcbcdafd7b,0.73990905
ck_dca9dc465f759db4,0.0012156687
ck_0d4dfd93086e7330,0.000950288
ck_16077934338472bf,0.0004348232
ck_5249b223000915ec,0.023849368
ck_125c5a720ecb177a,0.007988599
ck_62337eccb1672737,0.0042606452
ck_13376c59b5bd6943,0.00013456121
ck_399e45e5fe9beaee,0.0032984663
ck_946afc2943298d26,0.000630634
ck_a6e8e8f535b1f1d1,0.016344674
ck_7c0fdfbb447cdc04,0.015688872
ck_ce0166addb93bbad,0.00021191486
ck_7d28da4f1dab09ee,0.2840974
ck_0508908697f60ce3,0.019885462
ck_d96eb3cc55f2772f,0.0017880753
ck_b4384b6c11766ce7,0.0036949501
ck_e5cdbe3aa12c97f6,0.00029831944
ck_9f3861940d8d873c,0.016647842
ck_d74a62ab3804a81b,0.00042455987
ck_7cffb189f4f514ec,0.9943738
ck_ec8738ec663cd2eb,0.001029908
ck_715966f86d5c913d,0.0033164283
ck_6da9c5912e15d9a8,0.0009664462
ck_c081e1967dcd811f,0.0012012109
ck_f9f93d1d41be1468,0.7992183
ck_583d6ca78c97d91e,0.015041993
ck_533c4f7400d5ab22,0.01370091
ck_80c0a7f54ff4895d,0.00014245562
ck_a60d6b324bae0330,0.0068794037
ck_4eb1c12f7d092bac,0.00021718338
ck_5a9d5f9901e37e31,0.00082948763
ck_5ee32bc6bb5d1d4c,0.018726582
ck_4684fdd61c6a0fac,0.001559348
ck_510bfbbee37ff436,0.0025475211
ck_a964e6b5d8415334,0.061026253
ck_1b708e2a4a0584dd,0.000514605
ck_2369689bd795ee10,0.00070578244
ck_e9dcf535f8c289eb,0.010835618
ck_09748dfe4df3d540,0.00015237468
ck_2ce5afbc014763b8,0.009246946
ck_132c16312f37810f,0.0009655185
ck_010264ae04f2e902,0.1829553
ck_fec0ff92fd622253,0.0015956797
ck_6343e0d3b1c2962b,0.005369193
ck_be51f4e5e6b85768,0.534175
ck_f2bdcfb4203ffdee,0.0019385869
ck_9720a472a3e0140c,0.00021015802
ck_9aafc33fba1474cb,0.000113568625
ck_5403c76fe68a08ba,0.04217908
ck_6e606f73a1094afd,0.095045365
ck_ca9d86f65cfdf018,0.0012252697
ck_b9f6040eebd1605f,0.003728715
ck_b447badc9138987d,8.1425394e-05
ck_7fc513033af061af,0.074835084
ck_01c631b38e8a9535,0.005687641
ck_30753ffe481a1b8c,0.09079003
ck_9129c92c12e0c8b4,0.000533361
ck_c401a26725b17177,0.00026240814
ck_117d78ccd5820f36,0.0013527676
ck_b5777605668bfca1,0.00039225188
ck_0e5385c70c6de025,0.00053855486
ck_6a0f8f8fa4a3c2bc,0.005301178
ck_1c65e8d5be3b9c60,0.013001807
ck_432cc19c7eeaa46e,0.0019534233
ck_ec7406cb5cbc8f10,0.00011448251
ck_18eb1f9181f95df4,2.7375636e-05
ck_b837c7dac2a9b931,0.006307986
ck_acb84dc2351eeb76,0.0005823081
ck_812cb3a4482cc618,0.0035859905
ck_1436f6e11d4008f9,0.00091199565
ck_cb83b9f806e90dc6,0.072018854
ck_60ac5e5f375daa38,0.0017141527
ck_a7e669cf1c3985aa,0.00093238504
ck_675c0ca1ebb1051c,0.00021936632
ck_398f3f4cf05c721b,0.0003041226
ck_3364a1d9261b3638,0.00065769
ck_8dbf61df902a6bbc,0.0005932364
ck_25e551a0a8d2fcc2,0.007038849
ck_7831ca5c31fb3859,0.0011848825
ck_7989376f8cf64a9d,0.0008066292
ck_0027ba644f9ae2cd,0.0085196085
ck_02a9104419a6dbaf,0.0118988305
ck_f97c477986043755,0.00074653816
ck_4b68b38c1b3326a3,0.00086428196
ck_190bc849e5ff5401,0.0031966558
ck_a0e96fed380440b2,0.0017045503
ck_bd25ea782e375b22,0.014058405
ck_50ed8f4e7ae6710f,0.0003736969
ck_86a2d852a9715432,0.00065494346
ck_5954f45a2ab45f43,0.009250621
ck_5fc65c24e0736d5d,0.996806
ck_51d842e6dae74c71,0.00056181895
ck_b05c4d33c4f43639,0.012250094
ck_538fdbbb3c2bcbbb,0.0077841077
ck_735f244b99e3aa8d,0.00069080933
ck_5a4eb535c9a11993,0.0013522311
ck_706a4f673a9fda3b,0.541103
ck_b92b11d205af91eb,0.00013140579
ck_84569a8fc50e73ac,0.0008581557
ck_a5ecbefa849ae569,0.00031667686
ck_40bc6de252865f32,9.428676e-05
ck_4666232ddbf77756,0.004174784
ck_aa0b083e2a6813eb,0.009473655
ck_634276b05f4381f8,0.020688087
ck_fbff7b5da8111567,0.0007882043
ck_c00e70606904539a,6.4015425e-05
ck_0e808afe2570ecac,0.0008679314
ck_b1495ee5c59a6b28,0.0032438335
ck_724e459b9ece38f4,0.008882452
ck_3c08546dd0c92863,0.001205646
ck_aa9b28e7fc43af79,0.92750835
ck_f2f3cf9cd23b2809,0.0012620264
ck_19660cec756632ca,0.0043639955
ck_221b5d40358230f4,0.006144029
ck_dcbe6814fc4ca0b4,0.0076027205
ck_5f0be7b468a72333,3.653135e-05
ck_49685deb63e4e8f8,0.0016080951
ck_032880f1114dd51c,0.0035760761
ck_238e53b6dee8c301,0.00029592888
ck_7c7ca54969eed187,0.00449759
ck_a6c740041faf0bd5,9.4956275e-05
ck_2455d43bbdd2bb69,0.00076837384
ck_6c54adce174f45f4,0.0022162937
ck_192bbfd0d5720134,0.001191982
ck_85e5494ec20383ae,0.0021550325
ck_479a065d5903e9c3,0.0005472098
ck_408efac1d3885ff8,0.004914333
ck_f7e958a286ae3b57,0.0017990773
ck_8dd44eead7d765a5,0.0014478237
ck_2c4d25acbe3fabd9,0.018777927
ck_621c9ddde6bf2eca,0.0024605468
ck_2df4854186ec515b,0.0050390773
ck_a15fe7d0f4b65c33,0.91603804
ck_73b729cb161487f2,0.0005514974
ck_053746067839696b,0.00029608328
ck_0576b00d728bdf19,0.0022736997
ck_daaa995f3c2f0e47,0.009698085
ck_a777c813551281fe,8.942895e-05
ck_c4de808ae69c771f,0.00053188344
ck_1d3e561a7d20be0a,0.99446106
ck_4cc11c7d3ca61f73,0.00044269802
ck_fd78f8a8663646d7,0.0005217502
ck_3b150afde386ecff,0.003966887
ck_9fb11688dcfe1513,0.0006085081
ck_924e572517515f19,0.93269163
ck_eda55c8fb47593d7,0.0008126477
ck_e066f71f8b296b7a,0.00082679786
ck_32430e678c4f9f53,0.00035744518
ck_7484c214c889fe7f,0.005063043
ck_7bf668e25abeeb05,0.00030832956
ck_3925f8565abb7fe4,0.0011237497
ck_933789b55361d7c1,0.8349417
ck_04212a9bb9b28696,0.9990055
ck_f04938570a154de3,3.9156337e-05
ck_4ac918e884cff336,0.0040872893
ck_666b95e75d99ec4e,0.9933909
ck_9b665ef46d785324,0.00096913864
ck_de056e37c82e8e00,0.00111421
ck_618c4e5cfae99dcd,0.020685349
ck_3b74512f774a6e5a,0.0006367772
ck_1ad36046aaeb816c,0.00029630383
ck_2df5a9fc87553eb1,0.000601815
ck_b367449195e36499,0.0012665222
ck_1242aa4496576a99,0.0071052904
ck_133d8a1ac7c0e301,0.9882151
ck_b804e784cde9af8b,0.0017564956
ck_4b3506b624e5193c,0.017792469
ck_475ea9aa6d3898b7,0.0076953415
ck_337b24a474010abb,0.9852771
ck_749e0e50c3907be8,0.0012541721
ck_d1157eade2ac3975,0.0036121653
ck_c2dccbc1b24b137b,0.9693675
ck_af02e1817cfa40b5,0.0060042357
ck_e9a2495dea8675e2,0.0008263383
ck_1df4a1781a0f6999,0.0025149551
ck_f85155ca5c312c7b,0.06388738
ck_ff090498c4b17ac3,0.0005705761
ck_17673a1c2867888a,0.00031508767
ck_cfc2384f22954830,0.0035545945
ck_bd2cdd53fca26171,0.00076081377
ck_ec1c902b9b9b9c5f,0.034950897
ck_317360ec0a67d27e,0.0042528277
ck_3e3ea5d8c4a229dc,0.0045386124
ck_546ad962d04b7de4,0.9987018
ck_82f07504ab59ed33,0.027092788
ck_382ebf136f7fa337,0.038293254
ck_ed471e496916ee15,0.00052171113
ck_0ec820b670d48098,0.00027280825
ck_0b20bfc515ba42a2,0.0006567423
ck_42341cf31c08c981,0.0035083613
ck_42dcf92e9e016922,0.009521856
ck_424c254249a109f0,0.013393851
ck_ba576d6d4cb6130b,0.0048344107
ck_529fc3170fd11abd,0.010473522
ck_be48f583f79427f7,0.0022431305
ck_94fff69584dd3b2a,0.0021683697
ck_6babe5b8674ff51f,0.0012881536
ck_7e826e233d6ea028,0.0030363654
ck_d55eb81a4d543c59,0.00027496775
ck_12e2b5ebfe8986b2,0.00012737492
ck_206f8e3cd72768f3,0.012408489
ck_a2d7a563f520b7ea,6.120774e-05
ck_47cad6c3def4c9e4,0.0006854665
ck_46bc797b4d07d607,0.00032743253
ck_bda299466bb2136e,0.0005049627
ck_77fce5f86f00b8f4,0.043851186
ck_25822068c86c856f,0.00022632105
ck_9191579254663f5d,0.00022537573
ck_311d395fa9b8550a,0.00037881752
ck_31e7742f160980ef,0.007996005
ck_f3dcd818db92de7b,0.011953003
ck_150a1108f936e6b0,0.00013972424
ck_4c37586080edb7fd,0.00015151752
ck_6f8ae0319c07cafe,0.0010332882
ck_fb2a35571ec719d4,0.80401295
ck_e45012f22b7f91d5,0.00035638525
ck_70e6bca473bf6902,0.00010691936
ck_e7501307c0698e5b,0.0002666451
ck_e08e9c8ec5f23d8b,0.0010476994
ck_72771757dfb7f7a8,0.0032554546
ck_fc418f53ce4aa579,0.96968746
ck_c1ab40638f04cb02,0.0017475545
ck_f01be92dc78a2dc7,0.004181946
ck_703703bda38fdcf8,0.0014845761
ck_a1c78972e4ee4082,0.06464759
ck_255f0e5888ae9e23,0.014627748
ck_3b66196ccf436c35,0.00017883057
ck_75fcda73f0b43557,0.0011972118
ck_d3e208671cf37f91,0.97936857
ck_233397a8bd40d38d,0.000109990935
ck_01e7960c63dca3a4,0.9243977
ck_d932f98bf6b83956,0.2436688
ck_abbd1465fc730d78,0.005126739
ck_7890208951df34f0,0.0026592263
ck_be5bd81e3715cb8f,0.9884437
ck_ead68310311690c8,0.9649568
ck_c2bd5a722aa637d9,0.0019691808
ck_197f8058cea1fbea,0.00015516735
ck_ab33fb754c818ae3,0.0040234528
ck_95fdc264eac72fa0,0.00076827063
ck_02adda6e91e49650,0.006895784
ck_c54643d94d3ce355,0.009961899
ck_9aa45c4e03c8c57a,0.002808374
ck_427b91925952cb40,0.012541276
ck_c4ca1434f3778f1d,0.9949301
ck_89a1a780144d808b,0.002386646
ck_8bedacc6233c6269,0.0012122224
ck_f4f83b1403ebea46,0.00441129
ck_a1fd0ad03ff9b776,0.0075419317
ck_c30201ebd003fdc7,0.00029142146
ck_9fe9bdce982b312c,0.0063326447
ck_09169f22194fd6aa,0.018636456
ck_976fac1bb3dd8c58,0.02933876
ck_bac5233623b25ca4,0.0079862075
ck_9f83fa5a2d3b9049,0.00065826625
ck_b2a79dd3df560f14,0.012357987
ck_62b9fb3db284941b,0.0014009217
ck_aa075c418ed9fe5a,0.0040029064
ck_c6abd5d57b1009d2,0.0005261161
ck_0734fd90b2cabd43,0.008638966
ck_bafe82c870356706,0.9785073
ck_e35eb857c61548b2,0.94875866
ck_22b587c18363899a,0.0022912116
ck_aa295a11b0a6ab36,0.00042573945
ck_d839798f9520363e,0.005471386
ck_8049f5fce32be185,0.9463349
ck_e2ab04136a442a98,0.0032542665
ck_c9d72140b0389216,0.014613493
ck_f234ab47061ba7c0,7.8077515e-05
ck_31fc51d5a3dfe16a,0.00031942734
ck_f517f06551e69507,0.0025074685
ck_392cf2cdd515c34d,0.0004340976
ck_366616a725afc6bd,0.0061144503
ck_e18ac29ea62cb435,0.0062957555
ck_170c65860e2a7e23,0.0024065431
ck_093e3a7134e11d6b,0.002043951
ck_d111c98b36bdb791,0.00011464549
ck_1ebd574406235957,0.00024294732
ck_65519d0fb137e0c5,0.00085101725
ck_ddc3fc99eaba2064,0.008311132
ck_1be8cb95d6d9bbf8,0.00039235677
ck_242521e261148fba,0.00041140153
ck_110608c3b03d4038,0.8108709
ck_0dd7c5925d28755c,0.0029912074
ck_f11be8ce05382cec,0.0005565929
ck_129ffae92dc01408,0.000117882664
ck_b0b9047dddb1ec84,0.80128473
ck_b4954d16b9749829,0.0011468432
ck_66a8325f28be7562,0.03172192
ck_e1b1e7a7e4a15b3e,0.00056802394
ck_658b4b54be09a4bc,0.9984414
ck_77f8c5042065d506,0.00031542126
ck_b003e5b54df65db4,0.002327088
ck_ce81ff9b8b35562f,0.0013653999
ck_d27b872648b71202,0.0010234275
ck_3acfec10eec32f9c,0.0032338907
ck_813e02e1ababd177,0.00036068924
ck_ad9a18f58589faa7,0.00021945962
ck_62f5cfe22c952694,0.0026439717
ck_a46c1773f01f0be7,0.013582239
ck_405b20ef9ad0ba5f,0.042413287
ck_f948e8a8fdd79b4e,0.0036324055
ck_81275d9d4c559e6f,0.0003331949
ck_40e84e6ffe788a4c,0.0021210578
ck_17733f75ebdea93e,0.0004608165
ck_4a1f0172d3bf4fd3,0.0057142586
ck_01ef1036b2e66a4b,0.0023605656
ck_084a85145c15ed77,0.0018890001
ck_62f46226f244139f,0.0030644247
ck_43637d28c7216453,0.0004589055
ck_fcdb4fe2f095fba1,0.009363942
ck_9f85fea4490c00cf,0.0012638434
ck_83e5979334345622,0.0059108473
ck_231ae0329ebc3220,0.001226469
ck_a49a2c1f881a3560,0.0003033104
ck_88ab6d245228c38e,3.180801e-05
ck_b62276c3426d680c,0.0020566501
ck_def344d68f06d749,0.0031233174
ck_8b19bb5b23b6741c,0.0028073217
ck_c009c97d5fafbced,0.14964618
ck_9e298cae167f4693,0.00019931936
ck_84d62b8196da2452,0.00088176614
ck_6f73cdbf9305e2ea,0.00085554266
ck_4c1fdd1669c7cf51,0.00011769644
ck_744eade757ba69b5,0.015238185
ck_b0fe4b92fc70f72c,0.0024048965
ck_dd1c490050cd9051,0.009664492
ck_17bf38d51115a8f3,0.0003465913
ck_166aa980cc87fa77,0.012980451
ck_f17ed7e0fd687742,0.01799959
ck_26896c494b2768ef,0.00058808224
ck_88ef9f85948e1a01,0.000587634
ck_a28d9bb5590d458f,0.0996346
ck_8b8b9de339d75d0b,0.00362903
ck_6715139e240007d9,0.00039484803
ck_139b54e6ccbdd7da,0.04020549
ck_66e81a4190c33510,0.002325154
ck_4e862c2f48c38aeb,0.00052888854
ck_1a3ff7620580a514,0.00020059368
ck_f33188c232a03526,0.05552913
ck_348c874eaf0354f4,0.06799027
ck_931510e384b1d0cb,0.0075817103
ck_e15252ebd7553422,0.00068900094
ck_a3cce46d15cc20a2,0.031985655
ck_0dc1e536231c4860,0.000691031
ck_f92cd37022b0ce21,0.002542921
ck_bb99071e8f58c8a4,0.6348862
ck_06010f0df5b7cef8,0.00031360568
ck_ab7cb50407d6b13e,0.016695894
ck_16a06d58d71935bc,0.05981368
ck_68f56f6560a7a933,0.00022405761
ck_a019151ca8e7527a,0.015806608
ck_d1b9e5d32d2d789f,0.0005124823
ck_615763afc2e17a7f,0.00019154542
ck_5eff0208c74ec714,0.0016967132
ck_7eebd0e6ad6c070e,0.00012201148
ck_cd4c63155570d6ea,0.00015178678
ck_c5414d7a8031d4f5,0.0013483674
ck_9a88a5a989cb5bc6,0.006598402
ck_541a734fc457246f,0.02004973
ck_861af5a9a9a6d619,0.00044228107
ck_2cc1d9b587f6da31,0.020077309
ck_7084ed3cf20781b7,0.0039968863
ck_e02f93f51cc8caf3,0.0026655914
ck_9a930faade55b8ea,0.00046462234
ck_0afa4449f20d5196,0.0010879149
ck_4d503c41cf4e5034,0.0009782093
ck_6ff0fc7487e737e7,0.0046883957
ck_b21d8630387cabce,3.4950317e-05
ck_bfd9bfc5b6ab4a54,0.07849996
ck_629537d8b4d0f395,0.0018959561
ck_bfb067986660afe3,0.0034270103
ck_c1a31690c8573226,0.0011964411
ck_94c9a4d382689e82,0.014828444
ck_397c03aa33a57310,0.13011199
ck_4b4a3c5b95c55b43,0.00027842622
ck_40780fc0f8d6f309,0.0063263224
ck_72022008a92c9386,0.0030047758
ck_0af18b3ce015d294,0.00013710889
ck_a481385c2e60dc4a,0.0009046463
ck_e49b5e4f2f2e79db,0.052354865
ck_cb88ef3dc1f42225,0.00013171465
ck_a4e2607b4c8021e8,0.00015164573
ck_8aa8b9968233a1ab,0.0069907242
ck_cd32e58e8a1c0e85,0.0012638952
ck_69b5620e00ef5dec,0.00036043985
ck_0dbefdac0a1868fb,0.00029990842
ck_fdda581aec411010,0.00022223532
ck_35e411b05d22f663,0.0008990227
ck_11662cc7940ffc82,0.012351505
ck_4db6d4fd2b49aa81,0.0041835015
ck_cd0e76f0e7bb38cc,0.0026522346
ck_cf52e46fa54e4540,5.4628123e-05
ck_337b930fd149a696,0.0009851214
ck_86a61d9a39768e87,0.007570116
ck_8424bf65223a5a9e,0.00045981235
ck_9625a64406ea16e3,0.0015581496
ck_ed0cc1b1c28f9511,0.0037225094
ck_9158bdbb63ee8987,0.0014367322
ck_2f241b97c0f8389e,0.00020538099
ck_473d6314ea614b29,0.00031914274
ck_7443d6dca8cd1352,0.0003283375
ck_c6fbdc5ba68a8466,0.0001631038
ck_6cb7c97b72d6b5d3,0.00030511848
ck_b43f04431c267dea,0.0008296457
ck_77b2fb17c29f5e72,0.0053042364
ck_b1c51fdafcd80122,0.0014667021
ck_819bf3e8231f4081,0.00041086538
ck_1dedcb48ac381a1c,0.06876086
ck_888651bfc2c8cf70,0.00042858397
ck_af0a6540ea7a36b2,0.0001861638
ck_97e980463aca4644,0.00046394032
ck_6faf3e6820398866,0.0024841642
ck_d0982b4e0e118e4d,0.006484616
ck_3f5e8f3f1df0c8c7,0.031251322
ck_5d8481e2b38bd99d,0.0030938894
ck_569b83668d74042d,0.8274189
ck_f8b6069d7577fde6,0.0018880492
ck_837cc7fd48453a01,0.00038078174
ck_2973b8274f0bf69b,0.007879539
ck_69bd0b1abea7e1f0,0.013238049
ck_fa0b234481cb57d3,0.00266319
ck_cbeca201dbade3e5,0.008339867
ck_05a00b1dd5a03359,0.00018789503
ck_77c0fb524edb4a94,0.0014809212
ck_e64f0df63e1be595,0.017391726
ck_5c7ad6e731b69333,0.43886417
ck_b657ae3c146cb7bd,0.0006904211
ck_7dbe24ba01316775,0.0068738447
ck_0e3f80c1553c591b,0.00059263565
ck_3edc45db58760d76,3.9994255e-05
ck_24ff97ad90bdd69a,0.014899286
ck_263f6c5ff26b5e98,0.00040322664
ck_437afe412ea4259c,0.02078293
ck_ae8c9163cf957d7e,0.0005959004
ck_3f8571d4f7420b2a,0.0062631974
ck_e6465c56b337e6c2,0.00053226075
ck_7dff6abe4bd644dd,0.24695602
ck_27fa694569140345,9.805703e-05
ck_cdc55623cb16e6a9,0.000645869
ck_b08b3f089138c901,0.0042551546
ck_79da63fc100830b5,0.0017479155
ck_4339f86c87289222,0.9596893
ck_38ea56d43afa5660,0.0036884502
ck_33ecaa7b892e73df,0.0016259112
ck_dba767885bd6ad69,0.00027088614
ck_b109ec4c63503030,0.0006234198
ck_a7f522382509cef1,0.0006653668
ck_d9143e236eef177f,0.004557554
ck_f790d91e5ff0eccd,0.43430337
ck_064013b0957d87a5,0.99650973
ck_643f549b4ac78a26,0.04500808
ck_a07e7409d6d5aa06,0.0011790044
ck_c37f03995f0f0169,0.00016444037
ck_8929d2eb09872052,0.031761613
ck_27f20337bef5ffe0,0.0012533213
ck_7c67b73196e3d0d9,0.0012546572
ck_e30db36e376606f7,0.020914279
ck_99b4f266b61ae7ee,0.0009454461
ck_4072b59388976896,0.0011755689
ck_21c99e1d6b881894,9.424399e-05
ck_ab2aed614ec1cdf8,0.00097131974
ck_a8cac8d480306839,5.6195204e-05
ck_36d37be780c1291c,0.0002961273
ck_7b3cc6cc3f250f39,0.53033656
ck_b6673bbe61d2680d,0.0005067709
ck_c251898b5d51e3b0,0.0016002906
ck_69105f881da3c821,0.0008671023
ck_adfb8472d5c3d669,0.020838944
ck_4a24ad61d017e1ba,0.0014144348
ck_15ccbf8ff7d14086,0.003829059
ck_c4bcc7cefd40f8e2,0.00016097593
ck_8d5eda29a2cffa3c,0.00043039088
ck_df65967b8b40319c,0.00029932315
ck_329f7de7279e74c5,0.0006573923
ck_d5b8e74e7ca6355a,0.0037117465
ck_faab769cce19879a,0.008698345
ck_9b552204498b6762,0.0015024393
ck_c7dd84401e29a7fc,6.957271e-05
ck_14436a409ebcc90f,0.0004501156
ck_f09165d73ee903b1,0.0011226578
ck_3dd542c2d31be2c0,0.0005653773
ck_8afc1112c12f5402,0.00027325415
ck_4682fad271d47eb0,0.93543303
ck_9bf0d28119fc42c8,0.001316018
ck_4610a073bb54d1b1,0.2051304
ck_f781539b1042dc83,0.00055089354
ck_3199b471575aeb3a,0.00019749379
ck_51d3e8dd7465c015,0.00017786922
ck_bcfb7ffb7cd428bd,0.002900808
ck_8563fed6674afc77,0.001409279
ck_89c8b06aa8c84b2d,0.013666821
ck_9a2fcccb82da663e,0.0059769014
ck_e7a3cfb9bf908e80,0.00948221
ck_d99a8b4c820eb46b,0.0007433135
ck_ae2ab6be219219aa,0.0008758173
ck_a0dab7aa9c4a39a9,0.0014172338
ck_604e1b8a8c693aa7,0.00042990272
ck_17c4296276448afe,0.0038924594
ck_9e9a830785112a73,0.0014185531
ck_2bb49dc2388cdc1e,0.000571603
ck_bb303568b6915205,0.059765846
ck_ab1bb02f6b189304,0.6047165
ck_2675e7a008e584a7,0.04268064
ck_9880410fcd10a28e,0.00029209626
ck_e73caa3771ec5e0f,0.0012782235
ck_74928f5f91aa12b2,0.008895441
ck_eaebaf4d28400fb8,0.0020895167
ck_ec5ea81cf813597c,0.016431497
ck_423ff4ede6a9f066,0.007442949
ck_205c107cec528414,0.91718984
ck_1df66f537496ca59,0.0076174783
ck_3646515079e6be55,0.0010108453
ck_b2c896beec146477,0.0006466903
ck_d80283209c963f11,0.00043268263
ck_c4524993ec31dbe5,0.0007489427
ck_9f7807ed64cdb728,0.0055437754
ck_8550f229b5eb03ab,4.1468807e-05
ck_4199342d3aca74e8,0.008070698
ck_3135c019696ee6af,0.9980615
ck_5d01200ba3341462,0.0021931254
ck_a54dc042ebb7c766,0.11425331
ck_ca5b1057f8248f73,0.0019566426
ck_1f7ee7b23fc6f2f4,0.0014253794
ck_92d782bd9ce0d1e3,0.0006513362
ck_7b35d218ed0c5a60,0.00086885266
ck_eccfd552aa652d3c,0.0011194891
ck_9b6ee35e8cd0b11c,0.00021982065
ck_d838491d3d4f5ecf,0.0012879978
ck_3a34c3ac83cf84b3,0.002250502
ck_c08f622bcd6de6e7,0.004482306
ck_2d634e3f24681c0f,0.009814241
ck_956b5af6d7d86c65,0.9746799
ck_9332bbc7125219a7,0.0004234752
ck_8007824431fa803b,0.00075465086
ck_54b087bd873af8b8,0.00087930704
ck_e70418b00cbbbac9,0.007101487
ck_500948a8d4bd8e13,0.0012951759
ck_48e84b0cb0b90fa7,0.000883526
ck_1917ef3e6e345549,0.014689638
ck_5c33bb46c1a5945b,0.0047841934
ck_b51a58e7f032c9a8,0.0011672743
ck_188fdf2be7c92e9d,0.9988193
ck_4a103f8254b366f7,0.0066587613
ck_4388abce33ecd01b,0.043094132
ck_321e740066fb05c3,0.29561266
ck_c93def7392f0aff5,0.001207793
ck_8582490d6e365a63,0.0041617025
ck_bfa17a0b1760e616,0.0005484123
ck_65a23ac8e44eb901,0.0027383508
ck_bcc9cbc9ed8b7c31,0.0014333635
ck_6426427efe3228af,0.026760513
ck_eb264d1b180d4b4c,0.013302622
ck_b7af9b2ee0eebbc6,0.008044139
ck_79557434c129ba52,0.0019474354
ck_073da541ec3f9d3d,0.00040911793
ck_96dff7a09d45f116,0.010006029
ck_8ec86e853ad52828,0.018390303
ck_64f5fba6af67e024,0.012752384
ck_e0fb11fc9dcb34e6,0.0017271314
ck_361f535599110201,0.0012963833
ck_34b0988a97d96902,0.0003859468
ck_337c5684510cf432,0.015221079
ck_258d661e450ac870,0.0005847257
ck_6b55ec4e87a5e22c,0.9459818
ck_638df9e8a22dfe0b,0.0012857689
ck_e36c8da1bd359960,0.012666053
ck_73188a826b5f499f,0.0025818925
ck_286bfd719836e9f3,0.07660824
ck_a209a5f7d172125e,0.000881552
ck_fd0483639811f62e,0.081089325
ck_0d16d9349e4a9e08,0.007396773
ck_fcf5d4a4748cdd53,0.00024013796
ck_61e1f7168cd9ff25,0.0016229114
ck_b7f4baa2cc82fe61,0.00046897537
ck_437f9ecd2016a1a8,0.0009047584
ck_04219a7ea798db51,0.0056962254
ck_644b1c1149eea9e0,0.00073160545
ck_bfc82b3c1c9f2897,0.70695794
ck_9cf44eb0237c2429,0.00027968624
ck_2106e509d77fdb4a,0.9554341
ck_49a0efb5d4067b6f,0.13532504
ck_82f360df1e9f4eb8,0.0051582353
ck_9986c7d781ac6b4e,0.0044563417
ck_c8413898f5f7cb7d,0.012617218
ck_b3fb83f0d772a831,0.0033602938
ck_a2299b4f530be0d6,0.25810295
ck_fce0b6855886a0b8,0.00044478508
ck_162513e73782929f,0.0026158404
ck_3e9e3bba8bd363af,0.0006721059
ck_88cd35378075c84f,0.0011634302
ck_20541686a94fb71c,0.0042390544
ck_fa80da579ea9afc0,0.0007399956
ck_7916e53daab36745,0.033071686
ck_121db7ba3be29ee8,0.002018842
ck_01e5986ebb9a78f1,0.0003917618
ck_6c26c12071c91ff6,0.0009317909
ck_0e6e05c3cc8c8242,0.0008543427
ck_7738eb085e5753d6,0.0016467504
ck_2bf10be403849c9a,0.00033091469
ck_3e6f35e4500d2f2a,0.00012210693
ck_7a9f241d5f082567,0.00019225794
ck_247589ff532f7aa8,0.0008508409
ck_d1c787c27d50af49,0.0074340883
ck_49c98bebd1338879,0.00049306935
ck_9afc3bb849f3a64d,0.0010734668
ck_1d40e4fc541abe93,0.15189525
ck_4fd9dc00e1913587,0.99791735
ck_c19371047a2d011d,0.00024571034
ck_7d9f73dc7c4f90c3,0.012226385
ck_8c84fcde93a04334,0.300012
ck_e09c97520eb0533c,0.0070789517
ck_a1e13c0d58560340,7.1860675e-05
ck_cacc2ca410cbe80b,0.00082852587
ck_dad5cf32ab9f243f,0.00085369375
ck_b2cb9e6610eca967,0.0030790826
ck_1da2f69023ca4c13,4.6234276e-05
ck_25122cc0e8b1a662,0.0062404727
ck_dfee9de05e3971cf,0.00040896607
ck_ca54b32fca7e94cd,0.00040006364
ck_384ccecd342a24ad,0.000662891
ck_6abf8302ce052451,0.01004202
ck_6ffa90143838a4a2,0.00035976063
ck_34f9951b0eca1965,0.00084407674
ck_9385f5a1eeebefcd,0.0013674541
ck_3df8da6f60a89a5b,0.0017520748
ck_08ff5bd467226a5f,0.00021725237
ck_6eceeafd56b42576,0.09891437
ck_f744e208183971f8,0.00016719617
ck_7b45ed23304a854b,0.00044535636
ck_f88c79186a082beb,0.078486234
ck_b78d785ca3ef773a,0.00030617183
ck_67207e3eecc02d76,0.014756243
ck_7aa8bc018c2b003b,0.0023774067
ck_676fa5f6aae5475b,0.0020485392
ck_73c18e03e3c7612e,5.9611528e-05
ck_d91d9f8445b9769a,0.9746336
ck_f6a4a7ed27fe76fc,0.0016563594
ck_8742114f4f0cb22c,0.013687837
ck_5c82444b3b9160ae,0.00019304597
ck_2acb54ca20c3af6c,0.0021062214
ck_15b93103ccd38609,0.0009657628
ck_16541fc15683e21c,0.0035597712
ck_039e6d5a330cea1a,0.005300306
ck_d8116c34302021d7,0.00018665419
ck_e03a9d8ac94161d5,0.00033404125
ck_eeb854318b3a6f0a,0.00018802102
ck_e9f228845bf6e28b,0.010219192
ck_203c2a22c0c165ac,0.0011096521
ck_5b59e859bed5b40e,0.016069531
ck_7b61717f172f9317,0.94509006
ck_114722e12db90a73,0.0007323927
ck_ccc7916b56d42195,0.0010507756
ck_2dd147ce6d61749f,0.0091423085
ck_9ede51c8434cff6e,0.0010404786
ck_88a8b1d442ca3686,0.003088874
ck_36d2be9012f7909e,0.0017429083
ck_495d814d6d6d521e,0.00042026382
ck_6f5bb0c930644cae,0.9992336
ck_79749eca42ff1f5f,0.00025271554
ck_cebb8aa8c8f62c60,0.0018655928
ck_349cc5edda1b8853,0.024506371
ck_85df7b7de9700aba,0.00067113776
ck_e0983999ca26c19e,0.021229433
ck_d879d645d6e44207,0.0007811718
ck_a6c02ae50932cd9d,0.0003973809
ck_50176dae5b1b716d,0.00030949758
ck_d6880578428b965e,0.027450614
ck_f51fe59cd445d2cb,0.000890315
ck_8440ef1386c07194,0.00016891476
ck_28cb9b03e89263f1,0.00043676572
ck_5ccc1a1c78cb33ee,0.0011036678
ck_e04166b0ce66393a,0.0004892845
ck_72ff52c4824072ce,0.0023696846
ck_11f85bc705dbe036,0.0012703672
ck_89f3e380b0686963,0.0053804703
ck_26df74feac7ec51d,0.0004840541
ck_a9812ff3c111ea94,0.011720986
ck_bf6fb7e6470e95cb,0.0002707968
ck_cee4e4e1b62bf82f,0.0018197214
ck_7c560467daca735f,2.7603786e-05
ck_f72a5a3b0d6c1177,0.00014951885
ck_5fc90b4668ea81bf,0.002214821
ck_c2a5c54ad8d0d297,0.0027961456
ck_7508aa554fae6afb,0.008133751
ck_003aa842b7ca1d77,0.2360285
ck_573feefba6bf78bb,0.0059257834
ck_83b2b192f41ee2bc,0.0718227
ck_64796b6b2c3c7f06,0.0020823048
ck_5fd8924732fe403e,0.88801813
ck_1d96d7fd65f208b2,0.006515282
ck_9d00823bf60388d7,0.0027951712
ck_0ee6965e68efc177,0.0012703175
ck_337e98c69f6e7886,0.00092569535
ck_b8e8dba20676d87b,0.0014385018
ck_f8ac3a0500c0ec62,0.0033541496
ck_577c816b41cab002,0.991871
ck_05c97fc9de11aba6,0.42702362
ck_c82364d87875a1a1,0.004950205
ck_e43e53cc7b8b8e41,0.0032957913
ck_d07c5b0321c685ea,0.03622565
ck_16077ac345472e6a,0.0075544016
ck_e07fd57565c94c28,0.0031697496
ck_a4d6e152b0076964,0.00038985352
ck_9929723f65636c7f,0.9991875
ck_d90b1d03ae151f62,0.0009175277
ck_a553418f2fba1440,0.0010078739
ck_105b0c93573fd5b7,0.003803428
ck_2a01e610348b84f8,0.0022088226
ck_df1585c7d72a96e0,8.186778e-05
ck_df520a7a6e405889,0.007573678
ck_2d9524787cfe1ab3,0.93379766
ck_7f15b50b29dead01,0.002138314
ck_fcb2a559474c3493,0.009930857
ck_e5ca550b39ed45bf,0.92526513
ck_d2ca47180a926ba2,0.0025630216
ck_0a93ed76bf36c8b6,0.0019703102
ck_406c4442dee45cd1,0.00026115146
ck_56de216eda6b7fa6,0.00044045885
ck_3d56b477fe2370b6,0.0018401851
ck_edfe8e90e8f4366e,0.00063531444
ck_2096d32f3d497ea1,0.008626511
ck_c18245be844680f3,0.0008122366
ck_0253b3e7be021306,0.00033628402
ck_fa5ba9ed9ed6a343,0.004229627
ck_c9c99e5b19aeced8,0.00071985705
ck_14b4bf7be6ac2b61,0.002226979
ck_b7df99aecef385e6,0.022137364
ck_17ab3068fa303682,0.00029548147
ck_592a3520d841d11b,0.0009406965
ck_094974d75e29fb2f,0.009120305
ck_6cfa71d27fc27f92,0.00061343826
ck_f2ddae2eb1cb29b4,0.00038535672
ck_1757fcb0e6e3f88e,0.00631566
ck_7afefa349b960a3e,0.0010693433
ck_487f7fbc290e4ae2,0.0006916005
ck_28dc0de0ae291f37,0.0051817624
ck_2c2f080ba185016e,0.001303593
ck_f4a2bb10afa85743,0.000920703
ck_9ad08fcc183ea1e7,0.00019357332
ck_d08e00c842b75176,0.0001197869
ck_a3be871ca22ac416,0.0006834835
ck_ab70961e7c6695b2,0.00060631667
ck_c6200734c7f9b2f9,0.97120404
ck_d0f470f8078c91df,0.0017625575
ck_11c7a58e09e6547b,0.008854596
ck_2e0eedaaf2980c2c,0.0004817264
ck_0e2bc3a5afa439d8,0.0074503045
ck_c416357d20238a4e,0.0005747347
ck_f0c44ee5e3a42e3d,0.00031193375
ck_8342e08cc2f9bcb7,0.0001586276
ck_93c0cb3dac4891fe,0.0005248597
ck_5c5284c45d9ad8bf,0.0036718182
ck_3954b7b0fd1d6614,0.0006985172
ck_eb1ddfc353b4da83,0.00014657545
ck_ae668e4564cd2aa1,0.0020035154
ck_d89abbab3d4957aa,0.0006449088
ck_364f8203a3e98d36,0.8332642
ck_004fe0daecbe2c1a,0.00088949455
ck_a31a64a39a2c4941,0.0004326315
ck_c49f25dfb39909cf,0.028919967
ck_4ab74a6e7450416c,0.001078617
ck_55f50a9ae2db8ff7,0.00061217905
ck_7a86ef4e2beaec38,0.0010248051
ck_f67ee7910d532216,0.0063242125
ck_21860dd2159dff28,0.00033335632
ck_63560eec94b76d2f,0.00051586254
ck_dd78cb6ae2866cc6,0.004239018
ck_c1f4509c8f5dac5c,0.00088093476
ck_b921af37d500e139,0.00031520182
ck_e23e50e02cb3904d,0.002697637
ck_80c4e9274cf976b6,0.9988701
ck_4c352dd3e7c81269,0.0016047561
ck_1cb6dc67f9a321b5,0.00035353412
ck_497ed60723283c0b,0.010528018
ck_db23a5100f338d72,0.0048416955
ck_57658eda1c59bc52,0.00012782852
ck_94410eedfca91304,0.012012477
ck_eee99af3598311b8,0.011836405
ck_832341c98254bd84,0.013485671
ck_094d10439b7b4eac,0.002645622
ck_2493ee8e7b91d304,0.0024277477
ck_254a7c97c36dab8d,0.0019332756
ck_f268416945316815,0.0061722705
ck_59e77e3a81f1fa0d,0.0014760189
ck_614ef655f0685060,0.0104553625
ck_04d2ea38ee27770f,0.0002557098
ck_b89c6fa2ad0a12f5,0.0010613777
ck_1805fcfc4a9e4ffa,0.8273907
ck_3f5ae4673a9f858e,0.0036542383
ck_ba88a244d5f7380f,0.0022564114
ck_fc832b0c90c9bdb9,0.9585053
ck_7109923fd7dab20a,0.00600833
ck_a97b481ade6f7972,0.0013647869
ck_f56200205280bddf,0.0020938662
ck_754f30ea19df857c,0.031018496
ck_59fd11b3232de9dc,0.9163655
ck_7519260415c2998e,0.0014319979
ck_b7f5acf5df1bb13e,0.0003802389
ck_46656a23f4456d22,0.8826162
ck_994316fa5a02b319,5.466361e-05
ck_ccccb17d2ca6ce94,0.027000792
ck_269f1746f2609ed4,0.0014254934
ck_3521243bdac61178,0.004050943
ck_cf920313f6dd28fa,0.00059068255
ck_75d2a2715259c4d7,0.02086257
ck_616cc31910f5de50,0.00028010705
ck_31e70f2f04b48b88,0.00013945458
ck_76ee10d6e2dba70f,0.0034515907
ck_05b2b04e11d9ae9c,0.0045313495
ck_8089fe7403c5f537,0.0015535377
ck_3209c530c9812e39,0.0009858204
ck_fbf7351958ad9615,0.00030076885
ck_0adcb1fffcb0a34b,0.0023264196
ck_8f6ca5d3b17eac6e,0.0005225154
ck_77a40c7d2f862a32,0.0036358088
ck_73de0b49709e5f8c,0.001324895
ck_e3982142336782df,0.003502275
ck_c6a7bbd0adc4d5f3,0.010228346
ck_fb04ecbaebb774bd,0.00089570484
ck_de7259c3741db179,0.0017498126
ck_b6f2a2fd232c141b,0.0027809711
ck_91fa5032f7aff0f1,0.0056881746
ck_c5f8ab515840a0fe,0.0013765312
ck_b0f8f5408662337b,0.0005750728
ck_eb4f4267e24d042c,0.000867601
ck_8cd1b68dd74b1375,0.050929666
ck_3398551e81dbf3db,0.0013462193
ck_9a881d5433126ada,0.001403342
ck_9fd0be2c018ff5e4,0.0024341494
ck_364cde38958b7af3,0.09315067
ck_8c95aeec6a4c75b0,0.0021079106
ck_2595669e421299f6,0.0023303009
ck_1402d24dd623df72,0.0001567665
ck_5c2d43ff841632f9,0.00020311533
ck_791d5392bbd80447,0.020545907
ck_f6e9d14dfb6f3c28,0.008816487
ck_18df83242ff3cdbb,0.9077411
ck_c363d3b050baf3b8,0.0063551553
ck_f8540cf3a8b2f8c9,0.0019373962
ck_dbc487cb0a6c18da,0.9064427
ck_98831b57c7ca2e4f,0.00033113337
ck_a6c7b8d6e8596d4f,0.1477815
ck_13f2560c6a1ec62f,0.0042016753
ck_6c48c58678f64bae,0.0007561071
ck_e0346d5081e640e8,0.016777104
ck_0c9e420f97baaa06,0.66950846
ck_da06d97db0b18851,0.0005060276
ck_6e4f31bd108571f0,8.800903e-05
ck_120e995d50956bee,0.016038882
ck_cbe525da0b69f18a,0.011361313
ck_b62f3e3185251f71,0.00012642296
ck_1747fcc466f0ae38,0.00043089048
ck_c6afa913168ce8fa,0.00059365324
ck_e12a9f7d027e3387,8.8846355e-05
ck_ddf787359d2b5deb,0.00011509514
ck_e1140be6157bacbe,0.00019032184
ck_47d3e8d1dd3fbcef,0.001362753
ck_f90293f1eba5d7b6,0.004935966
ck_2f6e64f638da0f97,0.00021683908
ck_25dd0b02af5b2f37,0.0049388334
ck_a2637e4872cf4811,0.03511712
ck_2ae44938847f3852,0.0018801123
ck_8347455ab53ff620,0.00056886754
ck_7aa2deeda0e57412,0.9911103
ck_f9c4f8b4ce2691f0,0.0014442578
ck_e5f7b99ba6ec5767,0.0010806764
ck_59371c9140239fd7,0.0010254635
ck_3380d60067b4634b,8.245508e-05
ck_27466468d06db4eb,0.0053354204
ck_16d2d27fadeeacf7,0.00074008125
ck_0d5c0736ec76385a,7.614524e-05
ck_8053f1879a9b4e43,0.00055810454
ck_ecf9794349eb4b3b,0.008259262
ck_913ecdeeb8e21a9c,0.00093014375
ck_687eab3ffe1f8cfa,0.0017454121
ck_e4459115cd8e5e4f,0.0026969085
ck_1964ee9db929a173,0.98406744
ck_77fdac602d0c6f95,0.010753185
ck_1a28b6a40a6bd3b4,0.035431266
ck_bf285dd49f372de4,0.0075220917
ck_eb6baff0f85ba936,0.0047373762
ck_a9bf75bea912027b,0.00095395703
ck_bb4aec09d4968dda,0.05129975
ck_48011996d54855ac,0.42358363
ck_a1b4c96faed3e0db,0.002231837
ck_8cb20053914692d0,0.0031295428
ck_5f52728d777ff2c5,0.001471952
ck_d66f42a269d5c1ed,0.033216946
ck_244b897bb4d57c1f,0.0010756627
ck_4eadbe7298b15e96,0.00019424038
ck_179039559ff7566c,0.0010873657
ck_a60fe02fc04407a9,0.0020321393
ck_baa47383ffd50f04,0.0006172848
ck_3b1766a1d51f8f0e,0.50245994
ck_abc54ed7111e9ed1,0.00085520605
ck_2a46b7ca55239413,0.0031509225
ck_4ef9de711c3d93b1,0.014188405
ck_ff822700f3605e06,0.9960001
ck_783fe5bc20cd02db,0.007369302
ck_ac9d3d9754104cf0,0.00052276516
ck_9800c21dfbd8e811,0.011072536
ck_454b9e21b7f25a4c,0.0011246813
ck_17946516d5df71d7,0.0021352284
ck_b7e7f7d0cd886412,0.017505301
ck_9eb5b3f5f672c2b1,0.00012922283
ck_089e3a07abbe3b8f,0.0005156069
ck_6a28ea6ce69cb869,0.03584771
ck_3be854e42e76569a,0.0027996206
ck_d3e2c26b8adff099,0.00088878715
ck_47de038381a9cd65,0.01043487
ck_e26a6659c237b650,0.012161999
ck_7cf301d075e4e709,0.0028360402
ck_c56a44fe315c0389,0.00048902456
ck_0e70516fa07cfb17,0.8905935
ck_d38f941d09eec820,0.0014849472
ck_d6a290ff8362c7b9,0.046271525
ck_cda72f597330d0f3,0.003036904
ck_7c4f12d70f184533,0.0008460435
ck_bccbf9fef367f00f,0.015909288
ck_710f867a3bd5898c,0.0007758984
ck_be05447853d423a9,0.00016176175
ck_0414507baeea936a,0.0013032313
ck_60796eb60fc3043e,0.001338785
ck_d0b32e039abb8200,0.00048053832
ck_9060f4e7ab7a1b0c,0.0005311055
ck_1e0841ed17fe0562,0.002280988
ck_d523f0e50a2747ad,4.393062e-05
ck_e322da8b213eab52,1.3049422e-05
ck_54b0b070689c50d6,0.0009828007
ck_e7dce27edb700f27,0.0011480642
ck_79e45040dbdd6447,0.0063422294
ck_259eb102342057ea,0.007195426
ck_cd92852d7376a4a8,0.00011598988
ck_a705c61bd679496f,0.0023350616
ck_4bfeb78b47b7c6a1,0.012786588
ck_f7112818a6d81422,0.015069909
ck_c2504f5a113433ee,0.00042229024
ck_9915ceedf63a5289,0.0049259476
ck_bccff46fb0868454,0.040289454
ck_db8733fd92f20cd7,0.008002093
ck_8f3ccbd20d59f1f4,0.00080793694
ck_f77dfe6512eae322,0.00600396
ck_957fb25437c75e41,0.0016247891
ck_46225858a38b2e57,3.206995e-05
ck_f637fabf0f60528f,0.043749213
ck_e6a6caf6e7de17c2,0.0014049874
ck_f7bc569b37e8bdda,0.000935106
ck_e739eaaa7a1822f2,0.006236452
ck_8409716d174635b6,0.0038776188
ck_04e40f556a5062ef,0.0004947478
ck_fa3b1e85d27af2ee,0.0024088132
ck_703b375dd86a6124,0.002313379
ck_63ce4f44c92d7143,0.0119562475
ck_0d641d32658d6e0f,0.000345539
ck_6a2c4edd82e10969,0.00040221715
ck_4c5ff58afe3d7a67,0.00019014988
ck_6b114f2a48152b96,0.00016751628
ck_e842fb0cf055a83b,0.021342259
ck_53d17ab97de1ac3e,0.0009053908
ck_8bb9e75393954a1f,0.0013500615
ck_07cb2b6f2a4303e1,0.004846341
ck_31631e2028d4f855,0.0008320632
ck_4bca22b5926b9c28,0.00010534636
ck_1631bab0ba1256db,0.0030387582
ck_41d91dc9f5063566,0.008932259
ck_cd78f0832a09bd8f,0.61396205
ck_d5194f2e92fd6427,0.0022438276
ck_e25f70d0b7229420,0.00087159773
ck_1496568ddc3b2d56,0.18305379
ck_53a6a33060d5c8b8,0.00034848248
ck_1dbf1f15193197db,0.002071702
ck_5c85d93ecfed4b0e,0.0020810468
ck_2b359a979520276e,0.002036586
ck_1c93cc58f314bf71,0.0023558764
ck_9341c7959543c542,0.0008993976
ck_1da9d40837ebaa57,0.011232951
ck_265accb3c5c32620,0.014522116
ck_ec4e597f17f473c6,0.000719306
ck_612089ec90c37219,0.006545903
ck_c6bf67470f526771,0.0047470243
ck_6eda4c36aecad602,0.0010343046
ck_e62eb708d2688fae,0.0011268551
ck_e21a900556b382ad,0.004246615
ck_fa3a766e49dc77ae,0.0014593794
ck_18a55b06ccccd88b,0.006742441
ck_6ba091eb42ffa9fb,0.04434876
ck_7b8cb0f90fbdc8c6,0.00016516825
ck_228a583f23abff48,0.0011175781
ck_a3ce05e9e5e32142,0.0023296159
ck_fb4797045077bc6d,0.0010072044
ck_5fdafeaec036f016,0.0027188484
ck_e9e8cacd2fa35e79,0.0051967707
ck_ff182f033134dbb8,0.005733728
ck_0cbd3b27063d4415,0.004474699
ck_81709736281fa3eb,0.00015340565
ck_b0a0fb0ee9ebf106,0.0014273694
ck_2faf7ecccc9fec58,4.8333706e-05
ck_d251e9fa09e542dd,0.999498
ck_32f590e87bc3d715,0.0001448925
ck_20de8abfd8960ee3,0.0033179952
ck_a60e6edc48e3d0ac,0.059637398
ck_905e460591d9a278,0.04057911
ck_2ca83dbd728af019,0.00051635597
ck_7061786fe2f22f5a,0.0018323279
ck_821446adc95e6da5,0.00016569038
ck_b1182471d9ac6b26,0.00049831043
ck_59d380a0973b3951,0.0017581416
ck_f7fbc95ebf584379,6.828494e-05
ck_8e9faf94e3e6c757,0.0006756593
ck_d9ba2a6c0d926b4d,0.0006858226
ck_4d3aa36ff83f1132,0.30407035
ck_db906debc36a5d1e,0.0031119895
ck_329a73dbd585ee09,0.0013481978
ck_f6aea576cde8d592,0.00036962383
ck_c40ffefe4e30b001,0.004961654
ck_501dcf1ead036d2b,0.0010759137
ck_8247b79ac67aae7d,0.0007026668
ck_e48d14d5b70ef5aa,0.0016691715
ck_f3ab5dd853d38252,0.015191068
ck_1a0aac7f7b94b1be,0.036031347
ck_d4c8f0d957c3965d,0.0057111173
ck_9e3896c2668ce06b,0.0020834834
ck_227602ad072b838b,0.00013943078
ck_9aa899a5230b0963,0.0020862422
ck_344b2e326a6c3dcc,0.00013347791
ck_baf43bf1bd963f9f,0.010800843
ck_e6c584b4b1ad6d9d,0.0003084548
ck_ab9f0e08af030060,0.010709286
ck_5ad798286384484e,0.0008597026
ck_ae7780327e210522,0.0019787645
ck_185f15b1523bbcf4,0.0007511818
ck_bf378ea558a4125f,0.9167031
ck_1325000bc7f35b5e,0.00018961597
ck_98e1992ac8e7d2de,0.0039210445
ck_71fd8c346fde5cca,0.00370233
ck_47a884dec960ff2d,0.0039277137
ck_2dcbb71e39d64305,0.0014783589
ck_d546994fc5d3e9d1,0.0002726317
ck_c2c7d1e45a521857,0.0029165098
ck_d72035cb29db3aa4,0.0033019623
ck_a0498755cd8d7188,0.00014950702
ck_a9aa389688ee5aea,0.00024857896
ck_ff24776280ceeeed,0.005028984
ck_124432fd5c92af7e,0.88636816
ck_b27a9e39726b26d9,0.0003990879
ck_c4a72c09f2fdacc4,0.0016115285
ck_bf47375e41ca3bc0,0.0003701192
ck_4c518637db2322d5,0.69323975
ck_9e7278fc7679f002,0.005370515
ck_b9facd2210daca5c,0.012557656
ck_1c607e24f2c4397a,0.0048971334
ck_b1e81b58b9a545ce,0.04968529
ck_9d5049e195eda029,0.0020396158
ck_29076a13f539187a,0.15035999
ck_00013fdfa0bd37dd,0.0005186425
ck_b6675a04df1a4276,5.7628946e-05
ck_52427b3f8478db19,0.0052036555
ck_3b810f15ca0eaa55,0.00021612513
ck_0f6d916c92189516,0.0004649094
ck_b3dd1198ac5aea73,0.0028107828
ck_9776cd8263a9f415,0.0013441234
ck_7d51c86e0eec72ac,0.0019677829
ck_bc2e771a1d8d2dee,0.0036683867
ck_c10e54c9db29e6ef,0.9960943
ck_7184ad7709ae4c80,0.00131359
ck_e55f5ca37f30ce8c,0.00018978979
ck_fcfe06e44d09a344,0.0049191015
ck_ab3426435b0017d6,0.003718842
ck_c383aeabd53e9c89,0.0027013626
ck_71bc01291e0533a0,0.0007931239
ck_8220da627e9992a5,0.0019961
ck_91d417507a8c58cb,0.09957714
ck_79d6793d1d0cf43c,3.8360107e-05
ck_8d84d771a21942a7,0.00038879135
ck_b046a42684468e63,0.00061185966
ck_1058129ed7b48c59,0.0007132819
ck_962e65ab33b5c311,0.97079957
ck_3ded7a8720d7e311,0.00026141354
ck_9da82e567074da9d,0.0091725215
ck_7b1319a5ca2f63c6,0.9951055
ck_2cfb9a7775e8a5bc,0.9892352
ck_6846100e43659bf3,0.0015071717
ck_c72a7d0d03cf3e17,0.031840265
ck_fb00aae4e17740c5,0.0002694057
ck_2770b0400a7bef08,0.011189632
ck_b36086ae6d87eec1,0.00035577288
ck_ea2a83ccb8d57490,0.00034615493
ck_4be03a2aa62b93c7,0.00033348537
ck_2786cbc3e75ec034,0.45780438
ck_ae1da8ee98e402a4,0.00096665806
ck_b5e54e22e3d6960a,0.0012260713
ck_3d139692c51b604a,0.005126372
ck_718a8390b3d42d7d,0.0014803298
ck_62081bc35aa59931,0.038527295
ck_7c7266f6ef2a8466,0.0030624687
ck_885cf685a9541190,0.97376287
ck_2857a4ce9f72fbfa,0.00012674429
ck_0ffdff7b2f5fdfe4,0.00154891
ck_01a750db6fc1168a,0.011499587
ck_7eb4f33260f1dcd4,0.00031844704
ck_260ef2f3e6434819,0.004869231
ck_544a9e80b7fdc279,0.0005743423
ck_97d4bd922996fa10,0.002941147
ck_795c49f312640019,0.00015268111
ck_0f8cb09d3f4fc980,0.019231457
ck_69eb0b2ccfbe5f95,0.0026516858
ck_44950df09ff14ded,0.00036107388
ck_70d19d5650ddc8f5,0.014646744
ck_da39653add0f1109,4.6422174e-05
ck_b7431d4706461ec6,0.0013832946
ck_2f6a639468f41043,0.00022503047
ck_5a29b7018e43280c,0.00014532129
ck_18bc51bbf3ef198e,0.0017076373
ck_5486768475af7bb5,0.90455884
ck_edc9668282e3c8cb,0.0022541208
ck_b64c87d5e3b10e6a,0.9730334
ck_bb399ed6bf28c230,0.0022073772
ck_7ea52b6f27edcb73,0.0036404897
ck_0789a05e061b2784,0.087254204
ck_29ea329fa40ace62,0.001205879
ck_0034d010d28aea78,0.0026822302
ck_b52b99dad89ecdfb,0.0013698804
ck_e7b583acaa3171a2,0.0055963746
ck_d2d4282f9d256b3e,0.0013193098
ck_130d3848b9dcdb05,0.0020972276
ck_4fe4b072f03f2c1e,0.00011129624
ck_16801e628e883d78,0.0001861922
ck_610c7bcc1cd7ecb0,0.0015102935
ck_34d6d74bb3ed11e5,0.000763572
ck_e87897767c612942,0.0027148123
ck_d902183f80cc81fa,0.008841553
ck_df69858b8a8b3165,0.00025767798
ck_90489c405e6886d8,0.00015658216
ck_84d07028b5fca2f6,0.013054943
ck_d96c893721385e4e,0.00036707142
ck_f65ab819373edb37,0.0033822816
ck_21cac21fc10b7768,0.00056366436
ck_a0255ab46e122d2f,0.00020313934
ck_084322dc5a3a86f0,0.0017620458
ck_786448fe3004cbd0,2.1939279e-05
ck_e155cf506b2fb699,0.0029692107
ck_5984be472d2bc267,0.05521852
ck_dc3d8b5c17b67ae9,0.0020953424
ck_5ab68b434ad53fea,0.00018287942
ck_2bd73d9098504760,0.006408787
ck_d21b38231a8a9f4a,0.009252946
ck_1dfa91405d7e66bc,0.005039553
ck_ecdd01a391610d99,0.00065985194
ck_f928dba0d587d7c1,0.00026158406
ck_d87e26eb5bc84b01,0.00017023513
ck_d66d59981307db93,0.007348929
ck_07f1734be7fac56a,0.004906772
ck_a9b0c4dbd7db6a91,0.001044884
ck_1587763dd54688c9,0.00221348
ck_dd30558576b45e7b,0.0014007537
ck_4cedf26628c84f26,0.003113432
ck_a2d709e7eb91e4af,0.0044342075
ck_3c48e0cfc2a58041,0.03762007
ck_b8fd61a8e82bce32,0.9743531
ck_7a1519ad5ff45312,4.7265916e-05
ck_9dc23031b6b494af,0.0018289334
ck_9ae904fbef56065c,0.00023831392
ck_958acf84c6137a22,0.0018274568
ck_fe6e168cdbb46b9a,0.0031260832
ck_962c3bbf27cd4b80,0.013438158
ck_df1a6edaa3e6b271,0.00019281932
ck_df0a8f20ab8f14f4,0.0025560278
ck_b0a947b498e47018,0.00052499725
ck_b616b6f45225f319,0.023689449
ck_ba3a6be026c87079,0.0002442929
ck_bc7710f7e9fae649,0.0011056935
ck_c5eefc0697451de9,0.010904652
ck_e69195a3c885053d,0.0006484208
ck_52e37e2170532e2a,0.073811255
ck_826a27ff7555192e,0.0051885634
ck_08c6cc1e143475e3,0.0003577
ck_923d6a0f83accef1,0.0015981202
ck_09a988ebcf062297,0.003045089
ck_17de46314b5c6a92,0.00021336916
ck_6176baea8cbebbb6,0.0003512698
ck_e74716a525ee5b24,0.000100461446
ck_8fea7d915259f1be,0.0012231814
ck_ddc11fc481eef58d,0.00085528917
ck_4feb21e2fb0b3977,0.00017784024
ck_03d3026107175dae,0.0005477011
ck_6ad56ef40086dbe4,1.9905276e-05
ck_e81fc223bed3c46a,0.013584501
ck_862c7953bdea48b0,0.0042043994
ck_c0dde2a6ef1e08c5,0.00050313317
ck_660f0006780e87e7,0.009492283
ck_69887d0a9aaca6df,0.0012455045
ck_a95f212a02433d23,0.00026137143
ck_ce1e695884511479,0.005574948
ck_ebc5a2c6cf88e252,0.005527802
ck_2122e9bb1afffef7,0.0005200689
ck_38730aace405f2ae,0.99954295
ck_5691cd6fdb6d8147,0.005551417
ck_7dadef33f5e2d94f,0.99909806
ck_278b36c5932d9bff,0.00043999727
ck_6a892dd5d05c1649,0.0023461496
ck_4a733aeb833406f4,0.0002848681
ck_953bd5de48ccd70f,0.7685186
ck_3db59982cbae4410,0.018967742
ck_b8d210e741be186e,0.0003385683
ck_7d6bff85e7a694bc,0.00047571826
ck_be86a1db08dea456,0.00081323256
ck_f761b7650a0c1a85,0.0005020459
ck_de8494b13adeffb5,0.0016039243
ck_f854fba8f4adae3d,0.036469597
ck_b98e9c3ec6e7d1e7,0.0015681075
ck_ccb72a33cc1877b7,0.00090224674
ck_76997a33c3ea5107,0.00033458945
ck_d00e09e66ed6458b,0.008025102
ck_2bd96ddb8c323d63,0.99538016
ck_f792586ad0381eac,0.004026888
ck_1eeeee651e05d535,0.016490603
ck_fdf0c5b722d83464,4.0376093e-05
ck_a823f5bcb0e4b9df,0.00021176094
ck_28f530aec8e77130,0.004409705
ck_80b04344c98ec072,0.022507144
ck_97e56e6037024dff,7.7506615e-05
ck_7c38ec898f0fc21d,0.0010117659
ck_205c3405045bd835,4.0075538e-05
ck_b456f62b80e21557,0.0002490463
ck_1d6990d94a4d2ad6,0.0018569124
ck_a574a08edaf81781,0.000114371745
ck_c8f2a1dd8a6141a4,0.00014964807
ck_51440f64f7250ad7,0.004237579
ck_fa7de64d37287615,0.015466384
ck_d07bfb16a4a7dac0,0.9510548
ck_0d362ddb4a1cb6d4,0.0009728057
ck_292f81186358b0fa,0.0021132173
ck_d6e7e257751c299b,0.00092202734
ck_1b5b75762f033462,0.00074269465
ck_152671fbf8a9a78e,0.3724784
ck_c0cf50eef030b401,0.00015334219
ck_c1466b52c0a10b93,0.027654719
ck_d208494cf5c90047,0.005823603
ck_7fa947a0b1c1cf74,0.0053518973
ck_6cdac067cc4db5c5,0.012245352
ck_e3894ed88a7977e4,0.00072434306
ck_53f55c6e8cf2d432,0.000533343
ck_a2c3e82fab520483,0.006356697
ck_519a26ecf3d29c90,0.00028958518
ck_1a415416f620d49d,0.00097128324
ck_c24b47184534cc2c,0.9927995
ck_b2b63ea65edf1dde,0.00018100203
ck_482dea6eed92cbbc,0.00096473604
ck_7297bff2b7fdcbc8,4.8531525e-05
ck_9a21d183524734aa,0.005293153
ck_95945f48453ca532,0.009151626
ck_6fc37dea4b4f35c6,0.007878019
ck_afaf374009d3b248,0.0015404945
ck_10de0b0d86b17839,0.0007010294
ck_142c00f9f8557504,0.0041205036
ck_c0133f60d39b2fb5,0.0006458231
ck_864a11202e19e812,0.03560004
ck_3f943f20a9da9bff,0.0032031562
ck_7346e4f820d9c00a,0.9684567
ck_9790138467a06223,0.00017017248
ck_35b1939c48182a9a,0.00899384
ck_11f362dca2dfaf5a,0.004496672
ck_ae0a7be6b0a0ea68,0.0010080165
ck_0af5b7d128035b35,0.0013901283
ck_8d8226520722af78,0.035617054
ck_de58ef6f9fe2b546,0.0007390924
ck_0274d881d6db82c8,0.00043654072
ck_c88fc1bac79fa6d3,0.0034385987
ck_826ee896c9f1144d,0.6303852
ck_3b436cb29af99f3d,0.00045933068
ck_6f8102f62c876cc9,0.0086769825
ck_20fad010969f1abf,0.0001412266
ck_23aab322810b9fec,0.001046802
ck_4e329e29dfa743ea,0.016477384
ck_2a7eba01ceba6c2c,0.03590232
ck_9eb1da8cd35a50ce,0.0003244603
ck_da1a2450219dcf19,0.0015160932
ck_3716c6181a5035bc,0.004976791
ck_51fe0b613c076cbe,0.00028838144
ck_8584fea2df4c6317,0.0006598451
ck_ea623358f704daa7,0.011920221
ck_ca491debd3b32a59,0.005452188
ck_18c3a095606209e8,0.0011514215
ck_71db4131d7efe218,0.00042976238
ck_a76e8d83b9141364,0.0023918608
ck_5d5ef9e75f65d076,0.0049581667
ck_683af7b1540a0b22,0.0017960764
ck_e8d37262e859d9a1,0.027294353
ck_de5bb7a4d091386d,0.028134884
ck_970c7dc195161272,0.00044782847
ck_80a64a7f0275a71d,0.00029644652
ck_04bd8a1ffaf3ffd8,0.00064904033
ck_77e0589ab339ca66,0.0006048999
ck_7baf1e55db0dc558,0.0014263509
ck_f05f5e4b40afa52f,0.0026075232
ck_dddd14091ce812c2,0.00014946838
ck_12c46bc52bf45b36,0.0007072571
ck_740d8fe8028b5a2e,0.0028437264
ck_cf78169633a1600f,0.00023067095
ck_1a3fd2cc4b4de196,0.005370278
ck_f4fe78e249092ab1,0.0007039748
ck_966901ea9c77cc02,0.00018271663
ck_f9fc468915afe49c,0.0014101369
ck_af3f74b1d75a5d95,0.0026468213
ck_af70aa32c009c3c9,0.0017704328
ck_da645ea91d66aa6f,0.18008968
ck_e15e3390f5ed45f3,0.0032196506
ck_5f87eb05d18186c0,0.00033559895
ck_a61a879dd46fc9f2,0.0019276501
ck_024dcab126876002,0.000587117
ck_819b482bca14c068,0.83863133
ck_15220e78d1545e40,0.0044658906
ck_2ca0020038bfec58,0.83492804
ck_fb00dd5021642507,0.0021097148
ck_2737a72de6b700f3,0.015361691
ck_263334d722ecbc97,0.88760775
ck_ba1f6dd43fc8a0b1,0.0013577065
ck_5a22cb36d612236e,0.00012224242
ck_d86ccf148c06c8c8,0.024710527
ck_60b023af6d1e30bf,0.32921425
ck_1c8b94efe9238f5b,0.00032123894
ck_0284dc2b4f856b3a,0.116402715
ck_72e550559487b919,0.00049401144
ck_7e73e1d44ce82ed9,0.0022149433
ck_f8dc8473c2772729,0.034485064
ck_4596624a7c01d501,0.0064846193
ck_04e89fbd739243fa,6.131371e-05
ck_6149ffaf18872dc8,0.0016773894
ck_e0171f91cb3411fe,0.0008697365
ck_1ecd5516c92caa4f,9.0576505e-05
ck_21e3b3bd998745e5,0.009384049
ck_05ed92a7c3e10e5d,0.0011825012
ck_d6fb9cc5171e3e9b,0.50507206
ck_f0cf85b67a9b840f,0.0020672134
ck_c58bafff7b1955cc,0.00550778
ck_06280e6d6d2485b0,0.00035855797
ck_99d3983f907828bf,0.0010358879
ck_05ea4440dac6cfad,0.004671699
ck_5eec9ed855c26000,0.00041258862
ck_5ab39bdc9610f6f3,0.07110723
ck_c35d444e05799db6,0.00022894064
ck_87cce4126e215153,0.0006797545
ck_713649668a7ca824,0.0016483095
ck_0b0c93039f987abc,0.0031070274
ck_6d07d6d1bd227d37,0.02736623
ck_e00e82a9419ff086,0.004611441
ck_eaf3b6d11bc3cb11,0.00035158204
ck_2bb7c17168a9d17d,0.0022548297
ck_416f7ac57da081a3,0.0024977126
ck_b60de9e97aad9e45,0.96510303
ck_7973edc9f22ee7b6,0.0029997474
ck_8452b6cf97c65a5e,0.0008974125
ck_6fb39b60c67d5475,0.00028536608
ck_785fa45e86bc5e95,0.00026967988
ck_3eba1fd2c7acc4c0,0.53477746
ck_c10c8bcf5bcd516e,0.059895705
ck_2825e34dd3e7ea2a,0.0002233693
ck_67f3794d93e2dd67,0.47794953
ck_9cbd9ecf8374f65f,0.00022476843
ck_32246c62640648d9,0.00042558913
ck_f301f6758e170d66,0.0020570906
ck_885a83975cea5e64,0.0012525646
ck_0d2901bfe585c391,0.015772928
ck_52453401f88935da,0.0018264679
ck_f9d481aa4f9b2808,0.77830076
ck_18c179b4afc4fccc,0.0010744587
ck_a477654d34783e06,0.000575161
ck_7310cda3bc65a73f,0.00022726579
ck_c20e89afe575549b,0.0004785659
ck_668ec61c4c39cae3,0.00018925327
ck_fc2cb29918631f10,0.005389018
ck_15ce50f2704227be,0.0032751702
ck_0c533ff2d0f9962a,0.0028544052
ck_5881b174e49b04ee,0.0005069625
ck_371bd9388b287677,5.6782585e-05
ck_91a16336ce3217dc,0.0024097392
ck_a760d38d1bc4de97,0.00037635525
ck_a9dded7f6294e44f,0.011582373
ck_c8a03c516ed5b05c,0.008684315
ck_25bfca1d8eaa152d,0.00086475775
ck_191673540d8486af,0.009128496
ck_82eed68d05a42128,0.017802738
ck_24b0803447211bf3,0.0021642775
ck_023908db0a193076,0.15093225
ck_aca35dbcb835ad02,0.01760086
ck_248b3659a9239240,0.0013900157
ck_a51abde881ebeff3,0.0034855586
ck_db9b9d5d30f74070,0.006820214
ck_8b3401b44aaae728,0.00037903013
ck_0841a5c24fd3dd28,0.0029501729
ck_541b6ad5d2fa5a39,0.001012904
ck_16c7bf94ed3e7a6f,0.0001309561
ck_c82897ebffb6ae66,0.00021383859
ck_b4a6bb4689cd7cfa,0.0027727555
ck_7c4f42c5397113b0,0.0019249208
ck_73f124f075ede0fc,0.0016405969
ck_7584e7bd755cb28a,0.0012768181
ck_9f792e7e721ff7f1,0.00051080366
ck_c735b643d3cbf67b,0.0002968113
ck_58bb02d98e2b9cd5,0.006597774
ck_0d65bc749eb42710,0.0020684986
ck_6c33cb15b0d8af54,0.00021373465
ck_c7f6f45710bc050f,0.0006266703
ck_aefa0d8d933e0eca,0.007896597
ck_c1ee56d65a42f59f,0.0012836906
ck_66147fb994495396,0.023104805
ck_06e73afdec26aecc,0.03130365
ck_9fb8e3d38cdf276d,0.961501
ck_ff3998d6858daa21,3.353869e-05
ck_7f188aaa63d1d442,0.00080939604
ck_c7d444d90fa86d7c,0.048051763
ck_d68d42858a55adff,0.0022270584
ck_fa7d5be26bf7b31c,0.006385643
ck_352657008983fd4b,0.01793614
ck_7476e7fe1ff45545,0.0017877102
ck_41406cfa209b6bda,0.00090237876
ck_475ebccca25e30d1,0.00076519675
ck_49ccc3716a564256,0.0023043929
ck_04470bc93b8a0d71,0.00024466
ck_084cd84501012218,0.45848122
ck_684609767df4a14b,0.003180861
ck_3e4d02a04be2aaf8,0.012471845
ck_f01af1b0c977cc06,0.00014377812
ck_027614eeba8b1a4b,0.0011863738
ck_0f743bd13373748e,0.002806122
ck_399b0d510be98bd2,0.0009558061
ck_ca4465f2b5c1a52e,0.9909497
ck_2a59f23fc5194699,0.0073917746
ck_243c18dbf150831c,0.0006436381
ck_88d9244a9cf7a77e,0.8961843
ck_1ba28fb7ef726ce2,0.00041666225
ck_786f079389126e44,0.005580121
ck_4f01f7eac0efaba5,0.00210767
ck_47d29c01b20cf69f,0.00024921636
ck_07a5610ed28162fb,0.0010576874
ck_57b8226610b48854,0.0015581999
ck_c6fff412f531db0f,0.00030535768
ck_bac6dadf428eaea9,0.034418043
ck_e37196b20968b73c,0.0036687753
ck_12631b78f8a03df2,2.7216665e-05
ck_2c6b174b063ec637,0.0041782265
ck_af559f990c640e41,0.00077424507
ck_e7a3881c3e36bd51,0.63623524
ck_5839f5cbd8165b1e,0.005346344
ck_67858bc00e81490d,0.00012412791
ck_4737e0d56c6fa0a1,0.0046191276
ck_93e0d6befb67f7a1,0.0034617286
ck_2e315f1b1e533dab,0.00011935341
ck_af32a0660090dd68,0.004842504
ck_ede2e887697ffac0,0.0004580871
ck_f48acb73a5d6af07,0.014914874
ck_756d2c13d02b3e09,0.00041655064
ck_96fb9bf556842bbc,0.0046018707
ck_916784595f028226,0.031242425
ck_20c99b645f462449,0.0004660235
ck_9863bff41d24ce9b,0.00020475782
ck_5009a6c8bbaf15ba,0.0025111244
ck_a821980ac4db9943,0.13817763
ck_e6de67c0d82a7b83,0.0012309396
ck_752dd3d2487f78ea,0.0008749398
ck_9652283c9f61fcec,0.00013278706
ck_ff8059ae5fa5f1ee,0.00015623377
ck_fc4a43f8876bf10f,0.46996135
ck_a9aa5c344c315532,0.0010846546
ck_8e2b2251ee224aa4,0.0006061658
ck_3a47e3f54475e854,1.0903183e-05
ck_51bd5f69b4fe0b92,0.8852475
ck_d52432ed597f3cc9,0.0006231204
ck_04fb61e5739642f8,0.020966806
ck_fc3d95030b81f416,0.00016339988
ck_1906f0dfaf6e9bad,0.25992298
ck_66cfc1ebc9a513c8,5.6172965e-05
ck_1411a80a157ff39c,0.00029285726
ck_9b436162039a77d0,0.0034201855
ck_b9485218cef413f0,0.0012952054
ck_b62f5144db15ad34,0.10161079
ck_5dcd443fe0bbdeac,0.0003417906
ck_b7dd681eb3d2ee38,0.00053501426
ck_bd21164bd2bbb635,0.0017701489
ck_e6222925762273b8,0.021019073
ck_bfecad7586f65e4d,0.002624033
ck_aa9953c0ca2bed7b,0.00017721005
ck_bea56db7f3e930e8,0.00047964774
ck_e40a156511345d6a,0.00038912895
ck_03f6664a96de7d0f,0.003037815
ck_1a319e509f1efa1a,0.00018723797
ck_7a52674e2806d8f5,0.0005645216
ck_ec4dd3675a8d28cc,0.00087082904
ck_dce1fb3acd65562f,4.1987307e-05
ck_abb9d65ff1f95b64,0.0342706
ck_aaa9861c91bd14dd,0.00025122942
ck_2cbc2f93a32eede8,0.005216418
ck_f2d3e3d90608596d,0.04269734
ck_127273af97d7827d,0.00031815725
ck_a6def1e4b2d57e0d,0.0540992
ck_96247fee0eb44420,0.000497769
ck_5517b9a865960542,0.00042598607
ck_37176850ed68831e,0.0033681039
ck_ae416325fef92c9d,0.959974
ck_f285e5e1912a7c62,0.0008572012
ck_368b65fca69fc415,0.00769485
ck_9a36916b60178ded,0.69526464
ck_4a0eae220a762ac5,0.002340472
ck_e9b0bca7368555ef,0.0036943955
ck_da1c853b0a061e83,0.002111816
ck_58412a2674fea506,0.0021655818
ck_9ab42875a0f95b43,0.0027709643
ck_affa5aa0bff9bb0c,0.0030799548
ck_d27a73596b6500c2,0.0016322309
ck_2d963f9b2c4d11e1,0.0038166472
ck_dc16f939c2f44ad8,0.037634853
ck_97c38e7f61c27e47,0.0006452774
ck_861d8e3d88f1079e,0.0025946256
ck_819988d8a7f26415,0.00019759871
ck_5e021f2a3b66e256,0.0020108032
ck_0428728df24cdab4,0.0004099448
ck_780738e0d71e7e43,0.00017984545
ck_5fed957287ebca03,0.00057578605
ck_bc19c383560c7477,0.0004957965
ck_b1befe967f7a5ebf,0.008851056
ck_73a54b56a2bf35fe,0.7966984
ck_60bf8a2870956fb1,0.0003668096
ck_6a0ccd7357979f0f,0.02644796
ck_6b255bf68709109a,0.0022001758
ck_2cb3c99845e572da,8.289286e-05
ck_c9e1e3229baae708,0.0010937616
ck_1a4bb7d3d2ee3227,0.05501745
ck_c7e07ebfb0bc15f6,0.0016334933
ck_4bb90a61c21a303b,0.0003097603
ck_3ade9eac7d7b0dbf,0.034388974
ck_8171ef803f5ff604,0.0028662044
ck_4859a58629622915,0.0011483507
ck_20124c3a16c53ce4,0.0011594214
ck_dd3feb77d7d4f6d3,0.0018855204
ck_ed0c4a83701ca230,0.007065658
ck_982ebb24174a4ade,0.008746248
ck_deb3ac0606d6f6db,0.0007169983
ck_e666629e5a41b39b,0.0007856779
ck_1a9d6190c57ea7e2,0.30752623
ck_527550dd15f38782,0.0005799422
ck_480347ad92037105,0.00019531364
ck_00b9818e2064405e,0.0132453
ck_b53281da70defcfa,0.0006170392
ck_3f090fc96c24eb28,0.0009365049
ck_3d9afd862b3f4053,0.023196325
ck_9bf3ce30b65f75c7,0.011843864
ck_2d5a6b6636a2596b,0.00063435663
ck_9a4967cdf49265cd,0.06394732
ck_69691226c68fd50b,0.087854505
ck_1b1efbd9c0964c8d,0.0024039552
ck_78bc3f1d0f35ea6c,0.0013404908
ck_d288b77d1e227970,0.0040955585
ck_017208fcc01b5d40,0.00041709642
ck_8b3b874249adece9,0.0024419192
ck_49ab879b5aa7fccd,0.0087986365
ck_b3ce8f1bcedfa043,0.0010968444
ck_7e3923d278a5106e,0.00050057366
ck_e05e91cc180063d4,0.005444989
ck_ba666a425930615a,0.00095634226
ck_a8382d8345f21e1e,0.0002615302
ck_3dee83fa2d109484,0.00020037557
ck_2d177b2f4f0b40c9,0.013400646
ck_40140bef4db73741,0.0015762413
ck_22c862a496008c96,0.997701
ck_aa42976a31cb7770,0.00019618508
ck_782b0be796164335,0.0019757948
ck_5f864d72d1eead99,0.008087439
ck_0ada6fed1864e7c4,0.000712283
ck_7878545739af0a73,0.00036687677
ck_ab973888c20c9120,0.002742067
ck_1ae460f331e49ae2,0.005983928
ck_509c22828d467ba3,0.003440817
ck_24dae044dc05f849,0.0046880865
ck_2b8f33e22f939372,0.9274089
ck_6a01c375fc26705a,0.00020545893
ck_ae96d35465b3b4bd,0.00026652083
ck_512ebe97c0af94dd,0.010799457
ck_5af9934a56801ac0,0.0005843003
ck_fc7445ec76389a58,0.7364352
ck_b8266dcd90cbfa62,2.3439776e-05
ck_884b2e463ff1d54f,0.0012725628
ck_95aff1fe27fb24bb,0.016910069
ck_7bc752ae7cf5d55f,0.00036337558
ck_57b3fee69bdf85e8,0.0001590074
ck_ef0d702d7b0ed745,0.0022546398
ck_212380e0371d8a6d,0.0016100339
ck_2b90b76cf4d162f9,0.0002531127
ck_87771861e0447210,0.029537568
ck_21fe7bc59dcd78fb,0.0007713568
ck_fc0cc4b25e6a8194,0.00017932677
ck_e7a530e09d113dd7,0.0060294284
ck_3f94a34f5038f7c1,0.94967645
ck_124565a11b2f8bb8,0.0010126652
ck_38ba4a6b6a292054,0.008328344
ck_6a4981bc721df37a,0.0018919243
ck_4672167d7c989bbf,0.038123857
ck_817926b449754917,0.0006572201
ck_54c2604c9ca6256b,0.0020951033
ck_0302f67d75973dce,0.00043149223
ck_9a6a1f8102febfca,0.015578468
ck_7f1c20319eb60aa6,0.9978787
ck_a86cd653472eccbc,0.0011562465
ck_02028b72f26fe855,0.00041931478
ck_4108b4038f762817,0.008017468
ck_63356762d24aab81,0.00064753584
ck_5e3bc76eddbdb0a6,0.000995056
ck_7f3685aa2933b251,0.0038308527
ck_3b92a46daf8d00d2,0.00034016123
ck_f1d8a2695a575e56,0.0013088544
ck_0324a4812ec319c6,0.0003464055
ck_5c36c78b7a4d138c,0.002580807
ck_9b6282e3bad50710,0.0021302213
ck_7373d7b04c7799bd,0.0020510138
ck_0b0e79d33e50cba5,0.00047040902
ck_f3c16d8f747db046,0.002909109
ck_839ce35819bfa4fc,0.00031242069
ck_275386782b1606f8,5.2556206e-05
ck_4e9fba1ec54c3ff8,0.004950217
ck_4b041217690fca2f,0.0031671259
ck_a59e90219939a1f0,1.632229e-05
ck_a9c2cdc758df8510,0.031771608
ck_720cd658d11ea428,0.003018704
ck_fdeaa1cd085691f0,0.009806885
ck_2bb1389e5e72c8f4,0.0046606367
ck_5de33a7a87e9aa62,0.00115605
ck_f7a07283345a0dce,0.00023670362
ck_c375e929becde422,0.00032702793
ck_c84ef83489badbfd,0.0011228508
ck_cc3318839c4b0745,0.00023276226
ck_279a1d3a3836e5cc,0.0011333973
ck_7977135c2ff61e92,0.001771285
ck_6a1ff9d69466181c,0.999448
ck_e1ff9e31becc27ae,0.0026612568
ck_a13fee8cd925d0dc,0.00034351557
ck_b170a7db522a0d6f,0.0047170618
ck_8d38747058d0aeea,0.9291101
ck_18116d0ac08f1996,0.93807614
ck_2210f7a0d13bdbef,0.0008481697
ck_1af547077ba2dd03,0.026180444
ck_516163fcf04d5e77,0.0039318576
ck_8b39d8aacfdd72b4,0.0020912436
ck_d39b0152116203be,0.00889769
ck_ed33f8a937f9c7c8,0.00035797784
ck_ea1e5b5128ecba2c,0.002816849
ck_8247f008a14bd1a2,0.000660287
ck_3d6046a533057795,7.4546275e-05
ck_0bf2e13b9f2601ac,0.016709771
ck_f4de03f44e3a5bd5,0.001626162
ck_3ba3fa5387bacee8,8.6219974e-05
ck_8f604fa70fc3c8e3,0.00033933186
ck_64f3bb17101b7c42,0.00034897533
ck_a4e6fc391b674335,0.07550685
ck_79b6a86830156b5a,0.0051734853
ck_d74123617f22a21e,0.006059403
ck_9dbe184e81c1ca8d,0.012857004
ck_de2924955926d046,0.0066684447
ck_e556c4d36aadbe03,0.00062853505
ck_e37cee7b123692af,0.0057737855
ck_c50fed2a7c9198c0,0.0010454208
ck_5647030283171ed5,0.7202026
ck_d4972a775aadbbc8,0.000859072
ck_ce5ed372b1a2ed6b,0.052728966
ck_3eb6146c262e0fc3,6.917228e-05
ck_53816231f3ffb48d,0.00050299795
ck_afb23858a4ef42ed,0.997623
ck_3882423b449f6291,0.98210675
ck_79b235d51718435d,0.01761098
ck_298278a9da874437,0.0018652385
ck_32f632706608859e,0.002418966
ck_3638bc3388dbc1bc,0.043741927
ck_ac7cdb9b8da7b5dd,0.0009220769
ck_7d025dea5951cba7,0.00091542193
ck_f06d00a4f9c87d80,0.00019711435
ck_d9c2622cb6df380b,0.0018597816
ck_d4ec44760cbe03f4,0.00085142435
ck_c1d05ef0ec6e4be7,0.00080694014
ck_5abe57dfff4b735c,0.0009381339
ck_53cddfba570b4a3b,0.001293673
ck_7c500e219af39486,0.00045981165
ck_3bece63711407e25,0.0017210713
ck_8ff1e6028e764472,0.9503899
ck_8c346eeefa9ce692,0.0013343043
ck_d840db8cfe2ef6f1,7.962592e-05
ck_cc6d33890d47a6cf,0.0075600883
ck_2ab28149b0986642,0.3420047
ck_4ad5937bef176d89,0.00081977434
ck_645f15bbbcff3b4f,0.9990827
ck_aba32acb61c1aaca,0.0080139
ck_26de14b96bdad4f6,0.00021066499
ck_ab80466ef615e85c,0.00034783175
ck_ba93cb604f792915,0.0061726207
ck_3830c58d841e9e69,0.3102562
ck_1d5d74169cf892ef,0.0049304185
ck_eb2323215ff70362,0.0058705565
ck_6775e387dace7525,0.0028979531
ck_0ea30eff5f361cba,0.0014004009
ck_cc5a35175d381d5a,0.000871293
ck_e14681aad43e1a72,0.005032211
ck_3222ea25aa29bfa6,0.00011062077
ck_f6c42001b84a10cb,0.04638839
ck_3753cc5b9d02e2fd,9.879419e-05
ck_eaf6f7082c3db2bf,0.002615435
ck_a9ffd6b3957bd41e,0.00091947085
ck_558a82590f65df69,9.064615e-05
ck_7ec423cb56257516,0.0052820626
ck_b3867f7f494db64c,0.00013579865
ck_3c9a06eb07c300e4,0.0008617024
ck_d960af7a55b892b1,0.0005474164
ck_3d83e0a3c1cfbf8b,0.00054999505
ck_34ed59bc2c9b0186,7.953235e-05
ck_4136b00924695ab4,4.2682783e-05
ck_c802cf8f61466027,0.0002628749
ck_de436e7b319be1fa,0.99731004
ck_91081be0254878a5,0.0024889638
ck_ec2eee6a133e9a6f,0.0045929262
ck_81429c4910ca46cd,2.3522496e-05
ck_80ad4396e1084c68,0.010549568
ck_11667f5b9fac7bc7,0.000118956305
ck_7367917891a63771,0.0098010665
ck_f908b527c4db422d,0.002751627
ck_2329cc9702cdf7a0,0.022510171
ck_6573c4947cc8607e,0.011736528
ck_ebcb93a2990fc914,0.08150728
ck_7a1782cefe26a456,0.016610064
ck_ee3e7c9d3a9c74b4,0.032819703
ck_720776a46e56dfa8,0.00023516967
ck_bc8f31f4a2ffa1ae,0.000101398095
ck_0cd8802264e0a1ef,0.018293325
ck_c0d2c56f9c722e99,0.99704427
ck_8c949bdc6e8720fa,0.0073312097
ck_0ada63008be5685a,0.01050048
ck_a3f821bdf408c326,9.7065225e-05
ck_de13de941bebc7cf,0.00015993252
ck_fc8cd8a8209e802d,0.0014891763
ck_181f3dae03b87136,0.0025752578
ck_ecaa6f13304e3dc5,0.00047670872
ck_e06f6fed020ae014,0.0001946054
ck_2c041b1efb1c5063,0.00033171824
ck_8abd1a50a9227463,0.0023077421
ck_8ef1d05cc1e53e7e,0.015447248
ck_4637e54a9f79e2e7,0.00019765901
ck_e8bc49e6494c1f37,0.00040728494
ck_11f9390a11ce9ff5,0.0013498019
ck_15b4840922195ffd,0.0024963631
ck_6bcfa37c717f19f1,0.0018855357
ck_efb24be983342f75,0.000864829
ck_5b137d74bba6b1b4,3.5411522e-05
ck_295c0072eca7f7a2,0.0003928993
ck_4af7b97c24d89a45,0.0005476716
ck_fa0ecbcf9a33d6ce,0.00047214053
ck_da84a0dfe947fd3c,0.0012735886
ck_3e3c64b3b7876ce6,0.0012869586
ck_da2729307af06ed5,0.009848434
ck_74d0e7c2c6b63d36,0.9092144
ck_c478aae3031bb328,0.0013855228
ck_cf301f2194975866,0.0009940658
ck_086d29ccae565e5d,0.00039827515
ck_34a33ffe8339f66d,0.902532
ck_e57c79eaab35ded7,0.00046421573
ck_4940e78cbdcfecf3,0.0014094784
ck_578f67e69e5d2cfd,0.033855215
ck_c767fc454fa215d0,0.0021851824
ck_5d644224135d7c65,0.0025220588
ck_e78ab4ff52b5fd2d,0.0006444458
ck_51efdd240e34c642,0.0062641003
ck_c39c6a1453e2b92c,0.00015905229
ck_b080ff636932d1f1,0.00021107435
ck_5c8390017fabfaef,0.022741446
ck_61176dafb33b2d8a,0.8509022
ck_fc6fed6ea96a004a,0.0014197647
ck_3e2516a3e35067e0,0.000410151
ck_17a95bba77217d85,0.0021454867
ck_1ffbce3a239bb264,0.0016919223
ck_7f960541e5174565,0.0009792695
ck_9b1c3742dd6fcb8b,0.0014559369
ck_d5458ba39ae94498,0.00167607
ck_0a921a73a90c2e39,0.003602884
ck_293581d879f6663b,0.94268197
ck_03e904682dc73bba,0.00028436581
ck_4f490e379e9ded9a,0.0013864124
ck_9b9ce7bebc235fe8,0.0022090215
ck_a4a42d4bff8af645,0.00051182596
ck_b046067c6ca3831e,0.00044538398
ck_bc7ece8787ca7200,0.0006825904
ck_2c5bc11bb7ae5d2c,0.9676976
ck_b74b9ba6d7c9aab7,0.013362212
ck_91d48d69e4f5d9c2,0.00080639095
ck_1a71f8081ae00190,0.71995664
ck_38ba64efa7c38250,0.010653324
ck_1a6ddfeef82b1b1a,0.0009566621
ck_c4402ea6291df271,0.0011591171
ck_478d2667aa9896d9,0.0013659527
ck_c9490cb61aff5112,0.009417904
ck_88f27ab479063852,0.0044924603
ck_b7793edca26fc512,0.0012805393
ck_f88028c3f306bc70,0.00394103
ck_e8a6acea22b20312,0.12540825
ck_c8b7f241810b45e5,0.000106560474
ck_2408db62e4395ccd,0.0004708794
ck_bcdbf57d98dc0d27,0.0036748915
ck_b3225a98acd04f83,0.00020223045
ck_35694db37f0cde7a,0.00022949775
ck_87d55ca333f22072,0.00023970424
ck_ccc917533d4b73d4,0.0021840846
ck_0c5ba86f4e05b38d,0.00040261456
ck_8740a14d8096c6e1,0.001531547
ck_17ab24fe914ae44b,0.0016166229
ck_3b963d6be2773861,0.0010464889
ck_c183dff3781746cb,0.006558993
ck_7336611650dcc088,0.0001339037
ck_c817259019588d30,0.005003336
ck_d39864119cdd460f,0.00077663857
ck_463ae759e2b6ad1d,0.0054428773
ck_e560f720a988d8a2,0.8439737
ck_72dd0dbdf808cb00,0.006851979
ck_32bb42f9bff197f8,0.0021754175
ck_70bef9ddd4bab005,0.00012491264
ck_4b15b0746318cf42,0.012907156
ck_39a68c55a1bd3ace,0.06497755
ck_4c76efcc1ee6762d,0.004749805
ck_79f5198f0decef20,0.0010776258
ck_f655399ac75c4450,0.004886463
ck_24b53090faf722cf,0.00057818374
ck_11cb98211b2ed134,0.88998187
ck_3534be0f4efd313c,0.0047261505
ck_28d2003c2d16e4b6,0.0005261422
ck_d3796aebda1cfed5,0.38863906
ck_a3a0bd59729fe619,0.0008800287
ck_8ddaf745bbb9cd62,0.00014259534
ck_fa24db9d416ab904,0.0037071703
ck_493b6256091014cd,0.8145244
ck_57a6b56b09bff24e,0.0007159345
ck_a2245822cfea997d,0.0019795764
ck_92f6ebc11ebca89b,0.001958875
ck_fbf630c960194033,0.004330219
ck_1c17c65804f8889e,0.0001829143
ck_00ff7389d6a83e29,0.0161625
ck_bdd8eba728800e29,0.008636271
ck_0525349f3945375b,0.009701588
ck_d1b0699d26282871,0.0032288115
ck_a678731156ad7bd2,0.16923113
ck_011551a596544f5d,0.00060909946
ck_0bfe62e0c7eab9c9,0.0054779677
ck_e5ee006ecd8ff661,0.013282077
ck_e2374c7136c964fd,0.010871406
ck_af528d66c86f0cb8,0.42665738
ck_5448c946cc4758fe,0.0012819592
ck_37d3e5c681a2214d,0.08647283
ck_fca478361870a4ca,0.0011897241
ck_fb44d15fb93a7157,0.00030955777
ck_0e8f26536ccc8947,0.02130751
ck_6768c4b2aa8ce586,0.002571867
ck_6a548da1728b5823,0.9825491
ck_0e7bf10ef49aa818,0.0067847343
ck_f2c824d3473db24c,0.0010761028
ck_d9ffca35188e49d8,0.0003977965
ck_3db73bbe03c3d240,0.00037021554
ck_899f88464305824a,0.0024358253
ck_148c28df51bba5e9,0.9747199
ck_7955a359b6448799,0.00028193943
ck_8c748aaa4a4554f9,0.0007110582
ck_fba15647b3a140d9,0.00018161506
ck_c2fc0ac460786d02,0.004225036
ck_e42206e91f6a1752,0.00053666654
ck_8c136dc691e65695,0.0001585201
ck_8c0955dad13c3ca1,0.0008134127
ck_6d4cd2de601a2308,0.0019377228
ck_76ea90ebc74bcdc7,0.0014707134
ck_734f06bd4aa92781,0.002997518
ck_41af3729590c2484,0.0034665484
ck_e63256667aa19070,0.030237677
ck_1b2ce474fa6582b4,0.0022670028
ck_c8131ddc7ed33448,0.0009377613
ck_33ecff7914349ebc,0.0020350204
ck_36287d063350ce9d,0.0010907603
ck_956dd784525f5886,0.0016866825
ck_ba7b78d31d74c794,0.0016640646
ck_5bea0e0ee0b094cd,0.000330786
ck_d6a4faadab58a3de,0.00018631367
ck_bdb966f43ac350ee,0.00096885575
ck_3fa559c679751b3a,0.0054893396
ck_7ef019ed77276496,0.00025568274
ck_0e6046fc30f81705,0.00092928665
ck_53aca610e20598bc,0.0008723322
ck_5275be4e1577c1c7,0.00069043884
ck_43948784650bb9ac,0.0006780916
ck_5c87eea1cc07cc92,0.025029965
ck_5f445182829ef342,0.0018811122
ck_cc81dbc83a8879fd,0.0002456902
ck_68ef3e7301c621b7,0.0010347659
ck_e988c108754cee9c,0.0007753186
ck_3327a0582407068b,0.0035002788
ck_e1d563fab4d6116a,0.0026788663
ck_588f6e6a6a6d93e8,0.0027229022
ck_723b4afc388113c8,0.0010813118
ck_240f7f894c5a86e7,0.0011949547
ck_ab553954435e8854,0.8973093
ck_78cd402a2a4f2e35,0.0004277368
ck_09054e97bdf9624e,0.00021556452
ck_303b33910d67f306,9.166393e-05
ck_74e9747954a46eaa,0.009593677
ck_b56c62c950eda009,9.571637e-05
ck_58f757e40a9b8877,0.0018376409
ck_45a16ce12893cf9b,0.0008600459
ck_3272c2c4a37d5220,0.96530706
ck_9cb89cc3178e0172,0.0017964201
ck_c5d62b2b7a6f3bac,0.995535
ck_0dd417fcbf19e424,0.00030217232
ck_5379452a9d74efae,0.00031555092
ck_344a95cb7115ec67,0.00025602206
ck_6f9fd15ac6b163de,0.0008858348
ck_173e1198c341087b,0.00038950637
ck_9994323f97109f4b,0.99847895
ck_05f375fc8ae0afb0,0.00061992434
ck_d328db1e1052d820,0.0014983095
ck_70396398e4a96449,0.0011959865
ck_61b067de8ffc1ca1,0.0029305231
ck_87809324c2675b0a,0.0034872997
ck_27cdf9c5e6f0915b,0.00835363
ck_5b8fc4a76f340797,0.008264217
ck_a44462a3853ac67e,0.9970688
ck_466a7316eaf149b1,0.010836037
ck_d35c51e981b98c5c,0.00035858003
ck_99c0004d8b7079f8,0.0011214296
ck_8a8f81bf3558fd9c,0.0012624743
ck_b4dcebc543deaafb,0.0014999949
ck_7158ad9e58769ffa,0.009079239
ck_3c02d4dbbf6716b6,0.0007570581
ck_41ef7967faf5ce82,0.00014758043
ck_a7c1dabf3869772f,0.03758488
ck_77d9f86dcf251739,0.00024221251
ck_02903c48b6cfd65d,0.00090564927
ck_b45e47c39d4dc7bf,0.0007667241
ck_e55e5bdfc0242aef,0.014259557
ck_ae20e28f9854f3ee,0.0026859562
ck_9e65a8a2f587691a,0.0009899824
ck_dceabbe04d99afc2,0.00045255784
ck_837be8126bb19250,0.00013283062
ck_c05737ab74cf03c6,0.37147474
ck_2cdf5fd97ba75e06,0.79415375
ck_97b8e05d62abdc14,0.0025945518
ck_7df9910af2bba21b,0.0006619851
ck_850e2b59bc535490,0.006957843
ck_978c21bb5fe3171e,0.0022683288
ck_d654449f9231ad76,0.0002904919
ck_e136e20c1c74fe38,0.0036906728
ck_2fe6cac002142f67,0.007306173
ck_8432ccec1a4ec7fd,0.98870075
ck_95e4bef65c36af1a,9.512157e-05
ck_a725d7aed2a0bdc2,0.00045176473
ck_9b9d9e579e7b55b2,0.022995356
ck_ea4332c8fe48e2a3,0.00042273488
ck_9937dad93a0ed3c1,0.00075992546
ck_3dc4d464386f0eb2,0.005245717
ck_e0e90b196bef3c11,0.00023524548
ck_2139062d4569aa07,0.0047701583
ck_8de38f8c7f91961f,0.024107242
ck_bdbb4230c91e1604,0.0064917067
ck_f7305b3c64cf8a03,0.0076962262
ck_454a7e4d859a3409,3.91076e-05
ck_00d6730134a1eb51,0.0013101334
ck_dd89a282375bbab6,0.004809383
ck_be2251640f27a3c9,0.025695752
